"BB_prct_audio","BB_prct_left","BB_prct_right","BB_test_audio","BB_test_left","BB_test_right","NB_prct_audio","NB_prct_left","NB_prct_right","NB_test_audio","NB_test_left","NB_test_right","average_response_time","congruency","correct","correct_keyboard_response_letter","correct_radboudbox_response_NB_practice","correct_response","count_BB_practice_sequence","count_BB_test_sequence","count_NB_practice_sequence","count_NB_test_sequence","count_radboudbox_init","count_radboudbox_response_BB_practice","count_radboudbox_response_BB_test","count_radboudbox_response_NB_practice","count_radboudbox_response_NB_test","count_washout_sequence","datetime","distractor_position","gaze_cue","live_row_NB_practice_loop","response","response_keyboard_response_letter","response_radboudbox_response_BB_practice","response_radboudbox_response_BB_test","response_radboudbox_response_NB_practice","response_radboudbox_response_NB_test","response_time_keyboard_response_letter","response_time_radboudbox_response_BB_practice","response_time_radboudbox_response_BB_test","response_time_radboudbox_response_NB_practice","response_time_radboudbox_response_NB_test","subject_nr","subject_parity","target_letter","target_position","time_radboudbox_init","time_radboudbox_response_BB_practice","time_radboudbox_response_BB_test","time_radboudbox_response_NB_practice","time_radboudbox_response_NB_test","time_response_radboudbox_response_NB_practice","title","total_correct"
"NA","NA","NA","NA","NA","NA","tuin-duin_F0_4_VOT_4_stereo.wav","tuin","duin","NA","NA","NA","16816","NA","undefined","NA","undefined","NA","NA","NA","0","NA","0","NA","NA","0","NA","NA","Wed May 15 09:26:02 2024","NA","NA","0","A","NA","NA","NA","A","NA","NA","NA","NA","3431","NA","9","odd","NA","NA","12466","NA","NA","30701","NA","34132","NB-BB","0"
"NA","NA","NA","NA","NA","NA","kauw-tauw_step5.wav","touw","kauw","NA","NA","NA","16816","NA","undefined","NA","undefined","NA","NA","NA","1","NA","0","NA","NA","1","NA","NA","Wed May 15 09:26:02 2024","NA","NA","1","A","NA","NA","NA","A","NA","NA","NA","NA","1289","NA","9","odd","NA","NA","12466","NA","NA","36071","NA","37360","NB-BB","0"
"NA","NA","NA","NA","NA","NA","doos-toos_F0_7_VOT_7_stereo.wav","doos","toos","NA","NA","NA","16816","NA","undefined","NA","undefined","NA","NA","NA","2","NA","0","NA","NA","2","NA","NA","Wed May 15 09:26:02 2024","NA","NA","2","E","NA","NA","NA","E","NA","NA","NA","NA","1266","NA","9","odd","NA","NA","12466","NA","NA","39373","NA","40639","NB-BB","0"
"NA","NA","NA","NA","NA","NA","pop-top_step1.wav","pop","top","NA","NA","NA","16816","NA","undefined","NA","undefined","NA","NA","NA","3","NA","0","NA","NA","3","NA","NA","Wed May 15 09:26:02 2024","NA","NA","3","A","NA","NA","NA","A","NA","NA","NA","NA","845","NA","9","odd","NA","NA","12466","NA","NA","42477","NA","43322","NB-BB","0"
"NA","NA","NA","NA","NA","NA","pop-top_step1.wav","pop","top","pop-top_step4.wav","pop","top","16816","NA","undefined","NA","undefined","NA","NA","NA","3","0","0","NA","NA","3","0","NA","Wed May 15 09:26:02 2024","NA","NA","3","A","NA","NA","NA","A","A","NA","NA","NA","845","3482","9","odd","NA","NA","12466","NA","NA","42477","53045","43322","NB-BB","0"
"NA","NA","NA","NA","NA","NA","pop-top_step1.wav","pop","top","kik-kek_continuumStep_7_stereo.wav","kek","kik","16816","NA","undefined","NA","undefined","NA","NA","NA","3","1","0","NA","NA","3","1","NA","Wed May 15 09:26:02 2024","NA","NA","3","A","NA","NA","NA","A","A","NA","NA","NA","845","1836","9","odd","NA","NA","12466","NA","NA","42477","58268","43322","NB-BB","0"
"NA","NA","NA","NA","NA","NA","pop-top_step1.wav","pop","top","pip-pep_continuumStep_2_stereo.wav","pip","pep","16816","NA","undefined","NA","undefined","NA","NA","NA","3","2","0","NA","NA","3","2","NA","Wed May 15 09:26:02 2024","NA","NA","3","A","NA","NA","NA","A","A","NA","NA","NA","845","830","9","odd","NA","NA","12466","NA","NA","42477","61959","43322","NB-BB","0"
"NA","NA","NA","NA","NA","NA","pop-top_step1.wav","pop","top","tap-kap_step4.wav","tap","kap","16816","NA","undefined","NA","undefined","NA","NA","NA","3","3","0","NA","NA","3","3","NA","Wed May 15 09:26:02 2024","NA","NA","3","E","NA","NA","NA","A","E","NA","NA","NA","845","660","9","odd","NA","NA","12466","NA","NA","42477","64586","43322","NB-BB","0"
"NA","NA","NA","NA","NA","NA","pop-top_step1.wav","pop","top","kauw-tauw_step1.wav","kauw","touw","16816","NA","undefined","NA","undefined","NA","NA","NA","3","4","0","NA","NA","3","4","NA","Wed May 15 09:26:02 2024","NA","NA","3","A","NA","NA","NA","A","A","NA","NA","NA","845","1110","9","odd","NA","NA","12466","NA","NA","42477","67148","43322","NB-BB","0"
"NA","NA","NA","NA","NA","NA","pop-top_step1.wav","pop","top","doos-toos_F0_5_VOT_5_stereo.wav","doos","toos","16816","NA","undefined","NA","undefined","NA","NA","NA","3","5","0","NA","NA","3","5","NA","Wed May 15 09:26:02 2024","NA","NA","3","E","NA","NA","NA","A","E","NA","NA","NA","845","1038","9","odd","NA","NA","12466","NA","NA","42477","70254","43322","NB-BB","0"
"NA","NA","NA","NA","NA","NA","pop-top_step1.wav","pop","top","pop-top_step7.wav","pop","top","16816","NA","undefined","NA","undefined","NA","NA","NA","3","6","0","NA","NA","3","6","NA","Wed May 15 09:26:02 2024","NA","NA","3","E","NA","NA","NA","A","E","NA","NA","NA","845","314","9","odd","NA","NA","12466","NA","NA","42477","73151","43322","NB-BB","0"
"NA","NA","NA","NA","NA","NA","pop-top_step1.wav","pop","top","doos-toos_F0_6_VOT_6_stereo.wav","doos","toos","16816","NA","undefined","NA","undefined","NA","NA","NA","3","7","0","NA","NA","3","7","NA","Wed May 15 09:26:02 2024","NA","NA","3","E","NA","NA","NA","A","E","NA","NA","NA","845","340","9","odd","NA","NA","12466","NA","NA","42477","75463","43322","NB-BB","0"
"NA","NA","NA","NA","NA","NA","pop-top_step1.wav","pop","top","doos-toos_F0_1_VOT_1_stereo.wav","doos","toos","16816","NA","undefined","NA","undefined","NA","NA","NA","3","8","0","NA","NA","3","8","NA","Wed May 15 09:26:02 2024","NA","NA","3","A","NA","NA","NA","A","A","NA","NA","NA","845","340","9","odd","NA","NA","12466","NA","NA","42477","77791","43322","NB-BB","0"
"NA","NA","NA","NA","NA","NA","pop-top_step1.wav","pop","top","bier-buur_Step6stereo.wav","bier","buur","16816","NA","undefined","NA","undefined","NA","NA","NA","3","9","0","NA","NA","3","9","NA","Wed May 15 09:26:02 2024","NA","NA","3","A","NA","NA","NA","A","A","NA","NA","NA","845","853","9","odd","NA","NA","12466","NA","NA","42477","79884","43322","NB-BB","0"
"NA","NA","NA","NA","NA","NA","pop-top_step1.wav","pop","top","kauw-tauw_step6.wav","kauw","touw","16816","NA","undefined","NA","undefined","NA","NA","NA","3","10","0","NA","NA","3","10","NA","Wed May 15 09:26:02 2024","NA","NA","3","E","NA","NA","NA","A","E","NA","NA","NA","845","1416","9","odd","NA","NA","12466","NA","NA","42477","82601","43322","NB-BB","0"
"NA","NA","NA","NA","NA","NA","pop-top_step1.wav","pop","top","pier-puur1_stereo.wav","pier","puur","16816","NA","undefined","NA","undefined","NA","NA","NA","3","11","0","NA","NA","3","11","NA","Wed May 15 09:26:02 2024","NA","NA","3","A","NA","NA","NA","A","A","NA","NA","NA","845","1326","9","odd","NA","NA","12466","NA","NA","42477","85764","43322","NB-BB","0"
"NA","NA","NA","NA","NA","NA","pop-top_step1.wav","pop","top","pip-pep_continuumStep_4_stereo.wav","pip","pep","16816","NA","undefined","NA","undefined","NA","NA","NA","3","12","0","NA","NA","3","12","NA","Wed May 15 09:26:02 2024","NA","NA","3","E","NA","NA","NA","A","E","NA","NA","NA","845","480","9","odd","NA","NA","12466","NA","NA","42477","88942","43322","NB-BB","0"
"NA","NA","NA","NA","NA","NA","pop-top_step1.wav","pop","top","pop-top_step2.wav","pop","top","16816","NA","undefined","NA","undefined","NA","NA","NA","3","13","0","NA","NA","3","13","NA","Wed May 15 09:26:02 2024","NA","NA","3","A","NA","NA","NA","A","A","NA","NA","NA","845","983","9","odd","NA","NA","12466","NA","NA","42477","91258","43322","NB-BB","0"
"NA","NA","NA","NA","NA","NA","pop-top_step1.wav","pop","top","pop-top_step6.wav","pop","top","16816","NA","undefined","NA","undefined","NA","NA","NA","3","14","0","NA","NA","3","14","NA","Wed May 15 09:26:02 2024","NA","NA","3","E","NA","NA","NA","A","E","NA","NA","NA","845","705","9","odd","NA","NA","12466","NA","NA","42477","94076","43322","NB-BB","0"
"NA","NA","NA","NA","NA","NA","pop-top_step1.wav","pop","top","dier-duur_Step6stereo.wav","dier","duur","16816","NA","undefined","NA","undefined","NA","NA","NA","3","15","0","NA","NA","3","15","NA","Wed May 15 09:26:02 2024","NA","NA","3","E","NA","NA","NA","A","E","NA","NA","NA","845","3079","9","odd","NA","NA","12466","NA","NA","42477","96534","43322","NB-BB","0"
"NA","NA","NA","NA","NA","NA","pop-top_step1.wav","pop","top","kauw-tauw_step2.wav","kauw","touw","16816","NA","undefined","NA","undefined","NA","NA","NA","3","16","0","NA","NA","3","16","NA","Wed May 15 09:26:02 2024","NA","NA","3","A","NA","NA","NA","A","A","NA","NA","NA","845","388","9","odd","NA","NA","12466","NA","NA","42477","101470","43322","NB-BB","0"
"NA","NA","NA","NA","NA","NA","pop-top_step1.wav","pop","top","pip-pep_continuumStep_7_stereo.wav","pip","pep","16816","NA","undefined","NA","undefined","NA","NA","NA","3","17","0","NA","NA","3","17","NA","Wed May 15 09:26:02 2024","NA","NA","3","E","NA","NA","NA","A","E","NA","NA","NA","845","306","9","odd","NA","NA","12466","NA","NA","42477","103710","43322","NB-BB","0"
"NA","NA","NA","NA","NA","NA","pop-top_step1.wav","pop","top","kik-kek_continuumStep_2_stereo.wav","kek","kik","16816","NA","undefined","NA","undefined","NA","NA","NA","3","18","0","NA","NA","3","18","NA","Wed May 15 09:26:02 2024","NA","NA","3","E","NA","NA","NA","A","E","NA","NA","NA","845","703","9","odd","NA","NA","12466","NA","NA","42477","105773","43322","NB-BB","0"
"NA","NA","NA","NA","NA","NA","pop-top_step1.wav","pop","top","tuin-duin_F0_3_VOT_3_stereo.wav","tuin","duin","16816","NA","undefined","NA","undefined","NA","NA","NA","3","19","0","NA","NA","3","19","NA","Wed May 15 09:26:02 2024","NA","NA","3","A","NA","NA","NA","A","A","NA","NA","NA","845","569","9","odd","NA","NA","12466","NA","NA","42477","108262","43322","NB-BB","0"
"NA","NA","NA","NA","NA","NA","pop-top_step1.wav","pop","top","sik-sec7.wav","sik","sec","16816","NA","undefined","NA","undefined","NA","NA","NA","3","20","0","NA","NA","3","20","NA","Wed May 15 09:26:02 2024","NA","NA","3","E","NA","NA","NA","A","E","NA","NA","NA","845","419","9","odd","NA","NA","12466","NA","NA","42477","110794","43322","NB-BB","0"
"NA","NA","NA","NA","NA","NA","pop-top_step1.wav","pop","top","pier-puur4_stereo.wav","pier","puur","16816","NA","undefined","NA","undefined","NA","NA","NA","3","21","0","NA","NA","3","21","NA","Wed May 15 09:26:02 2024","NA","NA","3","A","NA","NA","NA","A","A","NA","NA","NA","845","1075","9","odd","NA","NA","12466","NA","NA","42477","112925","43322","NB-BB","0"
"NA","NA","NA","NA","NA","NA","pop-top_step1.wav","pop","top","sik-sec5.wav","sik","sec","16816","NA","undefined","NA","undefined","NA","NA","NA","3","22","0","NA","NA","3","22","NA","Wed May 15 09:26:02 2024","NA","NA","3","E","NA","NA","NA","A","E","NA","NA","NA","845","169","9","odd","NA","NA","12466","NA","NA","42477","115945","43322","NB-BB","0"
"NA","NA","NA","NA","NA","NA","pop-top_step1.wav","pop","top","tuin-duin_F0_5_VOT_5_stereo.wav","tuin","duin","16816","NA","undefined","NA","undefined","NA","NA","NA","3","23","0","NA","NA","3","23","NA","Wed May 15 09:26:02 2024","NA","NA","3","A","NA","NA","NA","A","A","NA","NA","NA","845","1035","9","odd","NA","NA","12466","NA","NA","42477","117930","43322","NB-BB","0"
"NA","NA","NA","NA","NA","NA","pop-top_step1.wav","pop","top","pier-puur2_stereo.wav","pier","puur","16816","NA","undefined","NA","undefined","NA","NA","NA","3","24","0","NA","NA","3","24","NA","Wed May 15 09:26:02 2024","NA","NA","3","A","NA","NA","NA","A","A","NA","NA","NA","845","427","9","odd","NA","NA","12466","NA","NA","42477","120678","43322","NB-BB","0"
"NA","NA","NA","NA","NA","NA","pop-top_step1.wav","pop","top","pip-pep_continuumStep_3_stereo.wav","pip","pep","16816","NA","undefined","NA","undefined","NA","NA","NA","3","25","0","NA","NA","3","25","NA","Wed May 15 09:26:02 2024","NA","NA","3","E","NA","NA","NA","A","E","NA","NA","NA","845","352","9","odd","NA","NA","12466","NA","NA","42477","122981","43322","NB-BB","0"
"NA","NA","NA","NA","NA","NA","pop-top_step1.wav","pop","top","bier-buur_Step2stereo.wav","bier","buur","16816","NA","undefined","NA","undefined","NA","NA","NA","3","26","0","NA","NA","3","26","NA","Wed May 15 09:26:02 2024","NA","NA","3","A","NA","NA","NA","A","A","NA","NA","NA","845","317","9","odd","NA","NA","12466","NA","NA","42477","125066","43322","NB-BB","0"
"NA","NA","NA","NA","NA","NA","pop-top_step1.wav","pop","top","tap-kap_step6.wav","tap","kap","16816","NA","undefined","NA","undefined","NA","NA","NA","3","27","0","NA","NA","3","27","NA","Wed May 15 09:26:02 2024","NA","NA","3","E","NA","NA","NA","A","E","NA","NA","NA","845","181","9","odd","NA","NA","12466","NA","NA","42477","127191","43322","NB-BB","0"
"NA","NA","NA","NA","NA","NA","pop-top_step1.wav","pop","top","pip-pep_continuumStep_6_stereo.wav","pip","pep","16816","NA","undefined","NA","undefined","NA","NA","NA","3","28","0","NA","NA","3","28","NA","Wed May 15 09:26:02 2024","NA","NA","3","E","NA","NA","NA","A","E","NA","NA","NA","845","936","9","odd","NA","NA","12466","NA","NA","42477","129246","43322","NB-BB","0"
"NA","NA","NA","NA","NA","NA","pop-top_step1.wav","pop","top","bier-buur_Step4stereo.wav","bier","buur","16816","NA","undefined","NA","undefined","NA","NA","NA","3","29","0","NA","NA","3","29","NA","Wed May 15 09:26:02 2024","NA","NA","3","A","NA","NA","NA","A","A","NA","NA","NA","845","551","9","odd","NA","NA","12466","NA","NA","42477","131935","43322","NB-BB","0"
"NA","NA","NA","NA","NA","NA","pop-top_step1.wav","pop","top","sik-sec4.wav","sik","sec","16816","NA","undefined","NA","undefined","NA","NA","NA","3","30","0","NA","NA","3","30","NA","Wed May 15 09:26:02 2024","NA","NA","3","E","NA","NA","NA","A","E","NA","NA","NA","845","312","9","odd","NA","NA","12466","NA","NA","42477","134455","43322","NB-BB","0"
"NA","NA","NA","NA","NA","NA","pop-top_step1.wav","pop","top","tap-kap_step3.wav","tap","kap","16816","NA","undefined","NA","undefined","NA","NA","NA","3","31","0","NA","NA","3","31","NA","Wed May 15 09:26:02 2024","NA","NA","3","E","NA","NA","NA","A","E","NA","NA","NA","845","269","9","odd","NA","NA","12466","NA","NA","42477","136588","43322","NB-BB","0"
"NA","NA","NA","NA","NA","NA","pop-top_step1.wav","pop","top","tuin-duin_F0_4_VOT_4_stereo.wav","tuin","duin","16816","NA","undefined","NA","undefined","NA","NA","NA","3","32","0","NA","NA","3","32","NA","Wed May 15 09:26:02 2024","NA","NA","3","A","NA","NA","NA","A","A","NA","NA","NA","845","163","9","odd","NA","NA","12466","NA","NA","42477","138634","43322","NB-BB","0"
"NA","NA","NA","NA","NA","NA","pop-top_step1.wav","pop","top","kik-kek_continuumStep_6_stereo.wav","kek","kik","16816","NA","undefined","NA","undefined","NA","NA","NA","3","33","0","NA","NA","3","33","NA","Wed May 15 09:26:02 2024","NA","NA","3","A","NA","NA","NA","A","A","NA","NA","NA","845","221","9","odd","NA","NA","12466","NA","NA","42477","140539","43322","NB-BB","0"
"NA","NA","NA","NA","NA","NA","pop-top_step1.wav","pop","top","doos-toos_F0_4_VOT_4_stereo.wav","doos","toos","16816","NA","undefined","NA","undefined","NA","NA","NA","3","34","0","NA","NA","3","34","NA","Wed May 15 09:26:02 2024","NA","NA","3","E","NA","NA","NA","A","E","NA","NA","NA","845","3285","9","odd","NA","NA","12466","NA","NA","42477","142755","43322","NB-BB","0"
"NA","NA","NA","NA","NA","NA","pop-top_step1.wav","pop","top","pop-top_step1.wav","pop","top","16816","NA","undefined","NA","undefined","NA","NA","NA","3","35","0","NA","NA","3","35","NA","Wed May 15 09:26:02 2024","NA","NA","3","A","NA","NA","NA","A","A","NA","NA","NA","845","793","9","odd","NA","NA","12466","NA","NA","42477","147890","43322","NB-BB","0"
"NA","NA","NA","NA","NA","NA","pop-top_step1.wav","pop","top","tuin-duin_F0_7_VOT_7_stereo.wav","tuin","duin","16816","NA","undefined","NA","undefined","NA","NA","NA","3","36","0","NA","NA","3","36","NA","Wed May 15 09:26:02 2024","NA","NA","3","A","NA","NA","NA","A","A","NA","NA","NA","845","328","9","odd","NA","NA","12466","NA","NA","42477","150484","43322","NB-BB","0"
"NA","NA","NA","NA","NA","NA","pop-top_step1.wav","pop","top","tap-kap_Step1.wav","tap","kap","16816","NA","undefined","NA","undefined","NA","NA","NA","3","37","0","NA","NA","3","37","NA","Wed May 15 09:26:02 2024","NA","NA","3","A","NA","NA","NA","A","A","NA","NA","NA","845","458","9","odd","NA","NA","12466","NA","NA","42477","152608","43322","NB-BB","0"
"NA","NA","NA","NA","NA","NA","pop-top_step1.wav","pop","top","dak-tak_F0_6_VOT_6_stereo.wav","dak","tak","16816","NA","undefined","NA","undefined","NA","NA","NA","3","38","0","NA","NA","3","38","NA","Wed May 15 09:26:02 2024","NA","NA","3","E","NA","NA","NA","A","E","NA","NA","NA","845","388","9","odd","NA","NA","12466","NA","NA","42477","154924","43322","NB-BB","0"
"NA","NA","NA","NA","NA","NA","pop-top_step1.wav","pop","top","sik-sec2.wav","sik","sec","16816","NA","undefined","NA","undefined","NA","NA","NA","3","39","0","NA","NA","3","39","NA","Wed May 15 09:26:02 2024","NA","NA","3","A","NA","NA","NA","A","A","NA","NA","NA","845","2372","9","odd","NA","NA","12466","NA","NA","42477","157253","43322","NB-BB","0"
"NA","NA","NA","NA","NA","NA","pop-top_step1.wav","pop","top","pop-top_step3.wav","pop","top","16816","NA","undefined","NA","undefined","NA","NA","NA","3","40","0","NA","NA","3","40","NA","Wed May 15 09:26:02 2024","NA","NA","3","A","NA","NA","NA","A","A","NA","NA","NA","845","555","9","odd","NA","NA","12466","NA","NA","42477","161462","43322","NB-BB","0"
"NA","NA","NA","NA","NA","NA","pop-top_step1.wav","pop","top","kik-kek_continuumStep_4_stereo.wav","kek","kik","16816","NA","undefined","NA","undefined","NA","NA","NA","3","41","0","NA","NA","3","41","NA","Wed May 15 09:26:02 2024","NA","NA","3","A","NA","NA","NA","A","A","NA","NA","NA","845","416","9","odd","NA","NA","12466","NA","NA","42477","163768","43322","NB-BB","0"
"NA","NA","NA","NA","NA","NA","pop-top_step1.wav","pop","top","sik-sec3.wav","sik","sec","16816","NA","undefined","NA","undefined","NA","NA","NA","3","42","0","NA","NA","3","42","NA","Wed May 15 09:26:02 2024","NA","NA","3","E","NA","NA","NA","A","E","NA","NA","NA","845","210","9","odd","NA","NA","12466","NA","NA","42477","166134","43322","NB-BB","0"
"NA","NA","NA","NA","NA","NA","pop-top_step1.wav","pop","top","tuin-duin_F0_6_VOT_6_stereo.wav","tuin","duin","16816","NA","undefined","NA","undefined","NA","NA","NA","3","43","0","NA","NA","3","43","NA","Wed May 15 09:26:02 2024","NA","NA","3","A","NA","NA","NA","A","A","NA","NA","NA","845","145","9","odd","NA","NA","12466","NA","NA","42477","168176","43322","NB-BB","0"
"NA","NA","NA","NA","NA","NA","pop-top_step1.wav","pop","top","dier-duur_Step2stereo.wav","dier","duur","16816","NA","undefined","NA","undefined","NA","NA","NA","3","44","0","NA","NA","3","44","NA","Wed May 15 09:26:02 2024","NA","NA","3","A","NA","NA","NA","A","A","NA","NA","NA","845","226","9","odd","NA","NA","12466","NA","NA","42477","170075","43322","NB-BB","0"
"NA","NA","NA","NA","NA","NA","pop-top_step1.wav","pop","top","doos-toos_F0_3_VOT_3_stereo.wav","doos","toos","16816","NA","undefined","NA","undefined","NA","NA","NA","3","45","0","NA","NA","3","45","NA","Wed May 15 09:26:02 2024","NA","NA","3","E","NA","NA","NA","A","E","NA","NA","NA","845","1009","9","odd","NA","NA","12466","NA","NA","42477","172291","43322","NB-BB","0"
"NA","NA","NA","NA","NA","NA","pop-top_step1.wav","pop","top","kik-kek_continuumStep_5_stereo.wav","kek","kik","16816","NA","undefined","NA","undefined","NA","NA","NA","3","46","0","NA","NA","3","46","NA","Wed May 15 09:26:02 2024","NA","NA","3","A","NA","NA","NA","A","A","NA","NA","NA","845","340","9","odd","NA","NA","12466","NA","NA","42477","175044","43322","NB-BB","0"
"NA","NA","NA","NA","NA","NA","pop-top_step1.wav","pop","top","bier-buur_Step1stereo.wav","bier","buur","16816","NA","undefined","NA","undefined","NA","NA","NA","3","47","0","NA","NA","3","47","NA","Wed May 15 09:26:02 2024","NA","NA","3","A","NA","NA","NA","A","A","NA","NA","NA","845","1118","9","odd","NA","NA","12466","NA","NA","42477","177113","43322","NB-BB","0"
"NA","NA","NA","NA","NA","NA","pop-top_step1.wav","pop","top","pier-puur6_stereo.wav","pier","puur","16816","NA","undefined","NA","undefined","NA","NA","NA","3","48","0","NA","NA","3","48","NA","Wed May 15 09:26:02 2024","NA","NA","3","A","NA","NA","NA","A","A","NA","NA","NA","845","651","9","odd","NA","NA","12466","NA","NA","42477","179947","43322","NB-BB","0"
"NA","NA","NA","NA","NA","NA","pop-top_step1.wav","pop","top","tuin-duin_F0_2_VOT_2_stereo.wav","tuin","duin","16816","NA","undefined","NA","undefined","NA","NA","NA","3","49","0","NA","NA","3","49","NA","Wed May 15 09:26:02 2024","NA","NA","3","A","NA","NA","NA","A","A","NA","NA","NA","845","452","9","odd","NA","NA","12466","NA","NA","42477","182373","43322","NB-BB","0"
"NA","NA","NA","NA","NA","NA","pop-top_step1.wav","pop","top","dier-duur_Step3stereo.wav","dier","duur","16816","NA","undefined","NA","undefined","NA","NA","NA","3","50","0","NA","NA","3","50","NA","Wed May 15 09:26:02 2024","NA","NA","3","A","NA","NA","NA","A","A","NA","NA","NA","845","253","9","odd","NA","NA","12466","NA","NA","42477","184595","43322","NB-BB","0"
"NA","NA","NA","NA","NA","NA","pop-top_step1.wav","pop","top","kauw-tauw_step7.wav","kauw","touw","16816","NA","undefined","NA","undefined","NA","NA","NA","3","51","0","NA","NA","3","51","NA","Wed May 15 09:26:02 2024","NA","NA","3","E","NA","NA","NA","A","E","NA","NA","NA","845","553","9","odd","NA","NA","12466","NA","NA","42477","186751","43322","NB-BB","0"
"NA","NA","NA","NA","NA","NA","pop-top_step1.wav","pop","top","doos-toos_F0_7_VOT_7_stereo.wav","doos","toos","16816","NA","undefined","NA","undefined","NA","NA","NA","3","52","0","NA","NA","3","52","NA","Wed May 15 09:26:02 2024","NA","NA","3","E","NA","NA","NA","A","E","NA","NA","NA","845","897","9","odd","NA","NA","12466","NA","NA","42477","189323","43322","NB-BB","0"
"NA","NA","NA","NA","NA","NA","pop-top_step1.wav","pop","top","dak-tak_F0_2_VOT_2_stereo.wav","dak","tak","16816","NA","undefined","NA","undefined","NA","NA","NA","3","53","0","NA","NA","3","53","NA","Wed May 15 09:26:02 2024","NA","NA","3","E","NA","NA","NA","A","E","NA","NA","NA","845","256","9","odd","NA","NA","12466","NA","NA","42477","192095","43322","NB-BB","0"
"NA","NA","NA","NA","NA","NA","pop-top_step1.wav","pop","top","bier-buur_Step3stereo.wav","bier","buur","16816","NA","undefined","NA","undefined","NA","NA","NA","3","54","0","NA","NA","3","54","NA","Wed May 15 09:26:02 2024","NA","NA","3","A","NA","NA","NA","A","A","NA","NA","NA","845","527","9","odd","NA","NA","12466","NA","NA","42477","194092","43322","NB-BB","0"
"NA","NA","NA","NA","NA","NA","pop-top_step1.wav","pop","top","kauw-tauw_step3.wav","kauw","touw","16816","NA","undefined","NA","undefined","NA","NA","NA","3","55","0","NA","NA","3","55","NA","Wed May 15 09:26:02 2024","NA","NA","3","A","NA","NA","NA","A","A","NA","NA","NA","845","268","9","odd","NA","NA","12466","NA","NA","42477","196482","43322","NB-BB","0"
"NA","NA","NA","NA","NA","NA","pop-top_step1.wav","pop","top","tap-kap_step5.wav","tap","kap","16816","NA","undefined","NA","undefined","NA","NA","NA","3","56","0","NA","NA","3","56","NA","Wed May 15 09:26:02 2024","NA","NA","3","E","NA","NA","NA","A","E","NA","NA","NA","845","362","9","odd","NA","NA","12466","NA","NA","42477","198578","43322","NB-BB","0"
"NA","NA","NA","NA","NA","NA","pop-top_step1.wav","pop","top","pip-pep_continuumStep_5_stereo.wav","pip","pep","16816","NA","undefined","NA","undefined","NA","NA","NA","3","57","0","NA","NA","3","57","NA","Wed May 15 09:26:02 2024","NA","NA","3","E","NA","NA","NA","A","E","NA","NA","NA","845","283","9","odd","NA","NA","12466","NA","NA","42477","200795","43322","NB-BB","0"
"NA","NA","NA","NA","NA","NA","pop-top_step1.wav","pop","top","bier-buur_Step5stereo.wav","bier","buur","16816","NA","undefined","NA","undefined","NA","NA","NA","3","58","0","NA","NA","3","58","NA","Wed May 15 09:26:02 2024","NA","NA","3","A","NA","NA","NA","A","A","NA","NA","NA","845","100","9","odd","NA","NA","12466","NA","NA","42477","202809","43322","NB-BB","0"
"NA","NA","NA","NA","NA","NA","pop-top_step1.wav","pop","top","tap-kap_step2.wav","tap","kap","16816","NA","undefined","NA","undefined","NA","NA","NA","3","59","0","NA","NA","3","59","NA","Wed May 15 09:26:02 2024","NA","NA","3","A","NA","NA","NA","A","A","NA","NA","NA","845","354","9","odd","NA","NA","12466","NA","NA","42477","204718","43322","NB-BB","0"
"NA","NA","NA","NA","NA","NA","pop-top_step1.wav","pop","top","dak-tak_F0_3_VOT_3_stereo.wav","dak","tak","16816","NA","undefined","NA","undefined","NA","NA","NA","3","60","0","NA","NA","3","60","NA","Wed May 15 09:26:02 2024","NA","NA","3","E","NA","NA","NA","A","E","NA","NA","NA","845","257","9","odd","NA","NA","12466","NA","NA","42477","206869","43322","NB-BB","0"
"NA","NA","NA","NA","NA","NA","pop-top_step1.wav","pop","top","tap-kap_step7.wav","tap","kap","16816","NA","undefined","NA","undefined","NA","NA","NA","3","61","0","NA","NA","3","61","NA","Wed May 15 09:26:02 2024","NA","NA","3","E","NA","NA","NA","A","E","NA","NA","NA","845","121","9","odd","NA","NA","12466","NA","NA","42477","208926","43322","NB-BB","0"
"NA","NA","NA","NA","NA","NA","pop-top_step1.wav","pop","top","tuin-duin_F0_1_VOT_1_stereo.wav","tuin","duin","16816","NA","undefined","NA","undefined","NA","NA","NA","3","62","0","NA","NA","3","62","NA","Wed May 15 09:26:02 2024","NA","NA","3","E","NA","NA","NA","A","E","NA","NA","NA","845","1799","9","odd","NA","NA","12466","NA","NA","42477","210814","43322","NB-BB","0"
"NA","NA","NA","NA","NA","NA","pop-top_step1.wav","pop","top","dak-tak_F0_4_VOT_4_stereo.wav","dak","tak","16816","NA","undefined","NA","undefined","NA","NA","NA","3","63","0","NA","NA","3","63","NA","Wed May 15 09:26:02 2024","NA","NA","3","E","NA","NA","NA","A","E","NA","NA","NA","845","386","9","odd","NA","NA","12466","NA","NA","42477","214432","43322","NB-BB","0"
"NA","NA","NA","NA","NA","NA","pop-top_step1.wav","pop","top","dier-duur_Step5stereo.wav","dier","duur","16816","NA","undefined","NA","undefined","NA","NA","NA","3","64","0","NA","NA","3","64","NA","Wed May 15 09:26:02 2024","NA","NA","3","E","NA","NA","NA","A","E","NA","NA","NA","845","1277","9","odd","NA","NA","12466","NA","NA","42477","216572","43322","NB-BB","0"
"NA","NA","NA","NA","NA","NA","pop-top_step1.wav","pop","top","dier-duur_Step4stereo.wav","dier","duur","16816","NA","undefined","NA","undefined","NA","NA","NA","3","65","0","NA","NA","3","65","NA","Wed May 15 09:26:02 2024","NA","NA","3","A","NA","NA","NA","A","A","NA","NA","NA","845","981","9","odd","NA","NA","12466","NA","NA","42477","219625","43322","NB-BB","0"
"NA","NA","NA","NA","NA","NA","pop-top_step1.wav","pop","top","bier-buur_Step7stereo.wav","bier","buur","16816","NA","undefined","NA","undefined","NA","NA","NA","3","66","0","NA","NA","3","66","NA","Wed May 15 09:26:02 2024","NA","NA","3","A","NA","NA","NA","A","A","NA","NA","NA","845","1327","9","odd","NA","NA","12466","NA","NA","42477","222340","43322","NB-BB","0"
"NA","NA","NA","NA","NA","NA","pop-top_step1.wav","pop","top","kik-kek_continuumStep_1_stereo.wav","kek","kik","16816","NA","undefined","NA","undefined","NA","NA","NA","3","67","0","NA","NA","3","67","NA","Wed May 15 09:26:02 2024","NA","NA","3","E","NA","NA","NA","A","E","NA","NA","NA","845","439","9","odd","NA","NA","12466","NA","NA","42477","225417","43322","NB-BB","0"
"NA","NA","NA","NA","NA","NA","pop-top_step1.wav","pop","top","dier-duur_Step1stereo.wav","dier","duur","16816","NA","undefined","NA","undefined","NA","NA","NA","3","68","0","NA","NA","3","68","NA","Wed May 15 09:26:02 2024","NA","NA","3","A","NA","NA","NA","A","A","NA","NA","NA","845","269","9","odd","NA","NA","12466","NA","NA","42477","227611","43322","NB-BB","0"
"NA","NA","NA","NA","NA","NA","pop-top_step1.wav","pop","top","dak-tak_F0_7_VOT_7_stereo.wav","dak","tak","16816","NA","undefined","NA","undefined","NA","NA","NA","3","69","0","NA","NA","3","69","NA","Wed May 15 09:26:02 2024","NA","NA","3","E","NA","NA","NA","A","E","NA","NA","NA","845","135","9","odd","NA","NA","12466","NA","NA","42477","229692","43322","NB-BB","0"
"NA","NA","NA","NA","NA","NA","pop-top_step1.wav","pop","top","sik-sec1.wav","sik","sec","16816","NA","undefined","NA","undefined","NA","NA","NA","3","70","0","NA","NA","3","70","NA","Wed May 15 09:26:02 2024","NA","NA","3","A","NA","NA","NA","A","A","NA","NA","NA","845","568","9","odd","NA","NA","12466","NA","NA","42477","231799","43322","NB-BB","0"
"NA","NA","NA","NA","NA","NA","pop-top_step1.wav","pop","top","dak-tak_F0_1_VOT_1_stereo.wav","dak","tak","16816","NA","undefined","NA","undefined","NA","NA","NA","3","71","0","NA","NA","3","71","NA","Wed May 15 09:26:02 2024","NA","NA","3","A","NA","NA","NA","A","A","NA","NA","NA","845","203","9","odd","NA","NA","12466","NA","NA","42477","234160","43322","NB-BB","0"
"NA","NA","NA","NA","NA","NA","pop-top_step1.wav","pop","top","doos-toos_F0_2_VOT_2_stereo.wav","doos","toos","16816","NA","undefined","NA","undefined","NA","NA","NA","3","72","0","NA","NA","3","72","NA","Wed May 15 09:26:02 2024","NA","NA","3","A","NA","NA","NA","A","A","NA","NA","NA","845","668","9","odd","NA","NA","12466","NA","NA","42477","236367","43322","NB-BB","0"
"NA","NA","NA","NA","NA","NA","pop-top_step1.wav","pop","top","pop-top_step5.wav","pop","top","16816","NA","undefined","NA","undefined","NA","NA","NA","3","73","0","NA","NA","3","73","NA","Wed May 15 09:26:02 2024","NA","NA","3","E","NA","NA","NA","A","E","NA","NA","NA","845","329","9","odd","NA","NA","12466","NA","NA","42477","238875","43322","NB-BB","0"
"NA","NA","NA","NA","NA","NA","pop-top_step1.wav","pop","top","dak-tak_F0_5_VOT_5_stereo.wav","dak","tak","16816","NA","undefined","NA","undefined","NA","NA","NA","3","74","0","NA","NA","3","74","NA","Wed May 15 09:26:02 2024","NA","NA","3","E","NA","NA","NA","A","E","NA","NA","NA","845","183","9","odd","NA","NA","12466","NA","NA","42477","241038","43322","NB-BB","0"
"NA","NA","NA","NA","NA","NA","pop-top_step1.wav","pop","top","pier-puur3_stereo.wav","pier","puur","16816","NA","undefined","NA","undefined","NA","NA","NA","3","75","0","NA","NA","3","75","NA","Wed May 15 09:26:02 2024","NA","NA","3","A","NA","NA","NA","A","A","NA","NA","NA","845","874","9","odd","NA","NA","12466","NA","NA","42477","242945","43322","NB-BB","0"
"NA","NA","NA","NA","NA","NA","pop-top_step1.wav","pop","top","sik-sec6.wav","sik","sec","16816","NA","undefined","NA","undefined","NA","NA","NA","3","76","0","NA","NA","3","76","NA","Wed May 15 09:26:02 2024","NA","NA","3","E","NA","NA","NA","A","E","NA","NA","NA","845","457","9","odd","NA","NA","12466","NA","NA","42477","245762","43322","NB-BB","0"
"NA","NA","NA","NA","NA","NA","pop-top_step1.wav","pop","top","pip-pep_continuumStep_1_stereo.wav","pip","pep","16816","NA","undefined","NA","undefined","NA","NA","NA","3","77","0","NA","NA","3","77","NA","Wed May 15 09:26:02 2024","NA","NA","3","A","NA","NA","NA","A","A","NA","NA","NA","845","177","9","odd","NA","NA","12466","NA","NA","42477","248091","43322","NB-BB","0"
"NA","NA","NA","NA","NA","NA","pop-top_step1.wav","pop","top","pier-puur7_stereo.wav","pier","puur","16816","NA","undefined","NA","undefined","NA","NA","NA","3","78","0","NA","NA","3","78","NA","Wed May 15 09:26:02 2024","NA","NA","3","A","NA","NA","NA","A","A","NA","NA","NA","845","1033","9","odd","NA","NA","12466","NA","NA","42477","249980","43322","NB-BB","0"
"NA","NA","NA","NA","NA","NA","pop-top_step1.wav","pop","top","pier-puur5_stereo.wav","pier","puur","16816","NA","undefined","NA","undefined","NA","NA","NA","3","79","0","NA","NA","3","79","NA","Wed May 15 09:26:02 2024","NA","NA","3","A","NA","NA","NA","A","A","NA","NA","NA","845","613","9","odd","NA","NA","12466","NA","NA","42477","252768","43322","NB-BB","0"
"NA","NA","NA","NA","NA","NA","pop-top_step1.wav","pop","top","kik-kek_continuumStep_3_stereo.wav","kek","kik","16816","NA","undefined","NA","undefined","NA","NA","NA","3","80","0","NA","NA","3","80","NA","Wed May 15 09:26:02 2024","NA","NA","3","E","NA","NA","NA","A","E","NA","NA","NA","845","1028","9","odd","NA","NA","12466","NA","NA","42477","255123","43322","NB-BB","0"
"NA","NA","NA","NA","NA","NA","pop-top_step1.wav","pop","top","dier-duur_Step7stereo.wav","dier","duur","16816","NA","undefined","NA","undefined","NA","NA","NA","3","81","0","NA","NA","3","81","NA","Wed May 15 09:26:02 2024","NA","NA","3","E","NA","NA","NA","A","E","NA","NA","NA","845","1673","9","odd","NA","NA","12466","NA","NA","42477","257908","43322","NB-BB","0"
"NA","NA","NA","NA","NA","NA","pop-top_step1.wav","pop","top","kauw-tauw_step5.wav","kauw","touw","16816","NA","undefined","NA","undefined","NA","NA","NA","3","82","0","NA","NA","3","82","NA","Wed May 15 09:26:02 2024","NA","NA","3","E","NA","NA","NA","A","E","NA","NA","NA","845","369","9","odd","NA","NA","12466","NA","NA","42477","261469","43322","NB-BB","0"
"NA","NA","NA","NA","NA","NA","pop-top_step1.wav","pop","top","kauw-tauw_step4.wav","kauw","touw","16816","NA","undefined","NA","undefined","NA","NA","NA","3","83","0","NA","NA","3","83","NA","Wed May 15 09:26:02 2024","NA","NA","3","E","NA","NA","NA","A","E","NA","NA","NA","845","491","9","odd","NA","NA","12466","NA","NA","42477","263705","43322","NB-BB","0"
"NA","NA","NA","NA","NA","NA","pop-top_step1.wav","pop","top","kauw-tauw_step4.wav","kauw","touw","6974","incongruent","0","0","undefined","f","NA","NA","3","83","0","NA","NA","3","83","0","Wed May 15 09:26:02 2024","300","right","3","None","None","NA","NA","A","E","2000","NA","NA","845","491","9","odd","F","-300","12466","NA","NA","42477","263705","43322","NB-BB","0"
"NA","NA","NA","NA","NA","NA","pop-top_step1.wav","pop","top","kauw-tauw_step4.wav","kauw","touw","6036","congruent","1","1","undefined","f","NA","NA","3","83","0","NA","NA","3","83","1","Wed May 15 09:26:02 2024","-300","right","3","f","f","NA","NA","A","E","1347","NA","NA","845","491","9","odd","F","300","12466","NA","NA","42477","263705","43322","NB-BB","1"
"NA","NA","NA","NA","NA","NA","pop-top_step1.wav","pop","top","kauw-tauw_step4.wav","kauw","touw","5370","congruent","1","1","undefined","j","NA","NA","3","83","0","NA","NA","3","83","2","Wed May 15 09:26:02 2024","300","left","3","j","j","NA","NA","A","E","1373","NA","NA","845","491","9","odd","J","-300","12466","NA","NA","42477","263705","43322","NB-BB","2"
"NA","NA","NA","NA","NA","NA","pop-top_step1.wav","pop","top","kauw-tauw_step4.wav","kauw","touw","4761","incongruent","1","1","undefined","j","NA","NA","3","83","0","NA","NA","3","83","3","Wed May 15 09:26:02 2024","-300","left","3","j","j","NA","NA","A","E","498","NA","NA","845","491","9","odd","J","300","12466","NA","NA","42477","263705","43322","NB-BB","3"
"NA","NA","NA","NA","NA","NA","pop-top_step1.wav","pop","top","kauw-tauw_step4.wav","kauw","touw","4276","congruent","1","1","undefined","f","NA","NA","3","83","0","NA","NA","3","83","4","Wed May 15 09:26:02 2024","300","left","3","f","f","NA","NA","A","E","398","NA","NA","845","491","9","odd","F","-300","12466","NA","NA","42477","263705","43322","NB-BB","4"
"NA","NA","NA","NA","NA","NA","pop-top_step1.wav","pop","top","kauw-tauw_step4.wav","kauw","touw","3888","congruent","1","1","undefined","j","NA","NA","3","83","0","NA","NA","3","83","5","Wed May 15 09:26:02 2024","-300","right","3","j","j","NA","NA","A","E","396","NA","NA","845","491","9","odd","J","300","12466","NA","NA","42477","263705","43322","NB-BB","5"
"NA","NA","NA","NA","NA","NA","pop-top_step1.wav","pop","top","kauw-tauw_step4.wav","kauw","touw","3569","incongruent","0","0","undefined","j","NA","NA","3","83","0","NA","NA","3","83","6","Wed May 15 09:26:02 2024","300","right","3","f","f","NA","NA","A","E","376","NA","NA","845","491","9","odd","J","-300","12466","NA","NA","42477","263705","43322","NB-BB","5"
"NA","NA","NA","NA","NA","NA","pop-top_step1.wav","pop","top","kauw-tauw_step4.wav","kauw","touw","3332","incongruent","1","1","undefined","f","NA","NA","3","83","0","NA","NA","3","83","7","Wed May 15 09:26:02 2024","-300","left","3","f","f","NA","NA","A","E","735","NA","NA","845","491","9","odd","F","300","12466","NA","NA","42477","263705","43322","NB-BB","6"
"NA","NA","NA","NA","NA","NA","pop-top_step1.wav","pop","top","kauw-tauw_step4.wav","kauw","touw","3191","incongruent","1","1","undefined","f","NA","NA","3","83","0","NA","NA","3","83","8","Wed May 15 09:26:02 2024","300","right","3","f","f","NA","NA","A","E","410","NA","NA","845","491","9","odd","F","-300","12466","NA","NA","42477","263705","43322","NB-BB","7"
"NA","NA","NA","NA","NA","NA","pop-top_step1.wav","pop","top","kauw-tauw_step4.wav","kauw","touw","3006","congruent","1","1","undefined","f","NA","NA","3","83","0","NA","NA","3","83","9","Wed May 15 09:26:02 2024","300","left","3","f","f","NA","NA","A","E","415","NA","NA","845","491","9","odd","F","-300","12466","NA","NA","42477","263705","43322","NB-BB","8"
"NA","NA","NA","NA","NA","NA","pop-top_step1.wav","pop","top","kauw-tauw_step4.wav","kauw","touw","2850","congruent","1","1","undefined","j","NA","NA","3","83","0","NA","NA","3","83","10","Wed May 15 09:26:02 2024","300","left","3","j","j","NA","NA","A","E","523","NA","NA","845","491","9","odd","J","-300","12466","NA","NA","42477","263705","43322","NB-BB","9"
"NA","NA","NA","NA","NA","NA","pop-top_step1.wav","pop","top","kauw-tauw_step4.wav","kauw","touw","2717","congruent","1","1","undefined","f","NA","NA","3","83","0","NA","NA","3","83","11","Wed May 15 09:26:02 2024","-300","right","3","f","f","NA","NA","A","E","586","NA","NA","845","491","9","odd","F","300","12466","NA","NA","42477","263705","43322","NB-BB","10"
"NA","NA","NA","NA","NA","NA","pop-top_step1.wav","pop","top","kauw-tauw_step4.wav","kauw","touw","2602","congruent","1","1","undefined","f","NA","NA","3","83","0","NA","NA","3","83","12","Wed May 15 09:26:02 2024","-300","right","3","f","f","NA","NA","A","E","653","NA","NA","845","491","9","odd","F","300","12466","NA","NA","42477","263705","43322","NB-BB","11"
"NA","NA","NA","NA","NA","NA","pop-top_step1.wav","pop","top","kauw-tauw_step4.wav","kauw","touw","2488","incongruent","1","1","undefined","f","NA","NA","3","83","0","NA","NA","3","83","13","Wed May 15 09:26:02 2024","300","right","3","f","f","NA","NA","A","E","426","NA","NA","845","491","9","odd","F","-300","12466","NA","NA","42477","263705","43322","NB-BB","12"
"NA","NA","NA","NA","NA","NA","pop-top_step1.wav","pop","top","kauw-tauw_step4.wav","kauw","touw","2402","incongruent","1","1","undefined","j","NA","NA","3","83","0","NA","NA","3","83","14","Wed May 15 09:26:02 2024","-300","left","3","j","j","NA","NA","A","E","768","NA","NA","845","491","9","odd","J","300","12466","NA","NA","42477","263705","43322","NB-BB","13"
"NA","NA","NA","NA","NA","NA","pop-top_step1.wav","pop","top","kauw-tauw_step4.wav","kauw","touw","2315","incongruent","1","1","undefined","f","NA","NA","3","83","0","NA","NA","3","83","15","Wed May 15 09:26:02 2024","-300","left","3","f","f","NA","NA","A","E","587","NA","NA","845","491","9","odd","F","300","12466","NA","NA","42477","263705","43322","NB-BB","14"
"NA","NA","NA","NA","NA","NA","pop-top_step1.wav","pop","top","kauw-tauw_step4.wav","kauw","touw","2229","congruent","1","1","undefined","j","NA","NA","3","83","0","NA","NA","3","83","16","Wed May 15 09:26:02 2024","-300","right","3","j","j","NA","NA","A","E","422","NA","NA","845","491","9","odd","J","300","12466","NA","NA","42477","263705","43322","NB-BB","15"
"NA","NA","NA","NA","NA","NA","pop-top_step1.wav","pop","top","kauw-tauw_step4.wav","kauw","touw","2151","congruent","1","1","undefined","j","NA","NA","3","83","0","NA","NA","3","83","17","Wed May 15 09:26:02 2024","-300","right","3","j","j","NA","NA","A","E","421","NA","NA","845","491","9","odd","J","300","12466","NA","NA","42477","263705","43322","NB-BB","16"
"NA","NA","NA","NA","NA","NA","pop-top_step1.wav","pop","top","kauw-tauw_step4.wav","kauw","touw","2087","incongruent","1","1","undefined","j","NA","NA","3","83","0","NA","NA","3","83","18","Wed May 15 09:26:02 2024","-300","left","3","j","j","NA","NA","A","E","634","NA","NA","845","491","9","odd","J","300","12466","NA","NA","42477","263705","43322","NB-BB","17"
"NA","NA","NA","NA","NA","NA","pop-top_step1.wav","pop","top","kauw-tauw_step4.wav","kauw","touw","2024","congruent","1","1","undefined","j","NA","NA","3","83","0","NA","NA","3","83","19","Wed May 15 09:26:02 2024","-300","right","3","j","j","NA","NA","A","E","495","NA","NA","845","491","9","odd","J","300","12466","NA","NA","42477","263705","43322","NB-BB","18"
"NA","NA","NA","NA","NA","NA","pop-top_step1.wav","pop","top","kauw-tauw_step4.wav","kauw","touw","1962","incongruent","1","1","undefined","j","NA","NA","3","83","0","NA","NA","3","83","20","Wed May 15 09:26:02 2024","-300","left","3","j","j","NA","NA","A","E","423","NA","NA","845","491","9","odd","J","300","12466","NA","NA","42477","263705","43322","NB-BB","19"
"NA","NA","NA","NA","NA","NA","pop-top_step1.wav","pop","top","kauw-tauw_step4.wav","kauw","touw","1906","incongruent","1","1","undefined","j","NA","NA","3","83","0","NA","NA","3","83","21","Wed May 15 09:26:02 2024","300","right","3","j","j","NA","NA","A","E","449","NA","NA","845","491","9","odd","J","-300","12466","NA","NA","42477","263705","43322","NB-BB","20"
"NA","NA","NA","NA","NA","NA","pop-top_step1.wav","pop","top","kauw-tauw_step4.wav","kauw","touw","1860","congruent","1","1","undefined","f","NA","NA","3","83","0","NA","NA","3","83","22","Wed May 15 09:26:02 2024","-300","right","3","f","f","NA","NA","A","E","625","NA","NA","845","491","9","odd","F","300","12466","NA","NA","42477","263705","43322","NB-BB","21"
"NA","NA","NA","NA","NA","NA","pop-top_step1.wav","pop","top","kauw-tauw_step4.wav","kauw","touw","1817","congruent","1","1","undefined","j","NA","NA","3","83","0","NA","NA","3","83","23","Wed May 15 09:26:02 2024","300","left","3","j","j","NA","NA","A","E","593","NA","NA","845","491","9","odd","J","-300","12466","NA","NA","42477","263705","43322","NB-BB","22"
"NA","NA","NA","NA","NA","NA","pop-top_step1.wav","pop","top","kauw-tauw_step4.wav","kauw","touw","1769","congruent","1","1","undefined","j","NA","NA","3","83","0","NA","NA","3","83","24","Wed May 15 09:26:02 2024","-300","right","3","j","j","NA","NA","A","E","397","NA","NA","845","491","9","odd","J","300","12466","NA","NA","42477","263705","43322","NB-BB","23"
"NA","NA","NA","NA","NA","NA","pop-top_step1.wav","pop","top","kauw-tauw_step4.wav","kauw","touw","1725","incongruent","0","0","undefined","f","NA","NA","3","83","0","NA","NA","3","83","25","Wed May 15 09:26:02 2024","-300","left","3","j","j","NA","NA","A","E","402","NA","NA","845","491","9","odd","F","300","12466","NA","NA","42477","263705","43322","NB-BB","23"
"NA","NA","NA","NA","NA","NA","pop-top_step1.wav","pop","top","kauw-tauw_step4.wav","kauw","touw","1685","congruent","1","1","undefined","f","NA","NA","3","83","0","NA","NA","3","83","26","Wed May 15 09:26:02 2024","300","left","3","f","f","NA","NA","A","E","440","NA","NA","845","491","9","odd","F","-300","12466","NA","NA","42477","263705","43322","NB-BB","24"
"NA","NA","NA","NA","NA","NA","pop-top_step1.wav","pop","top","kauw-tauw_step4.wav","kauw","touw","1653","congruent","1","1","undefined","j","NA","NA","3","83","0","NA","NA","3","83","27","Wed May 15 09:26:02 2024","300","left","3","j","j","NA","NA","A","E","639","NA","NA","845","491","9","odd","J","-300","12466","NA","NA","42477","263705","43322","NB-BB","25"
"NA","NA","NA","NA","NA","NA","pop-top_step1.wav","pop","top","kauw-tauw_step4.wav","kauw","touw","1623","incongruent","1","1","undefined","j","NA","NA","3","83","0","NA","NA","3","83","28","Wed May 15 09:26:02 2024","-300","left","3","j","j","NA","NA","A","E","632","NA","NA","845","491","9","odd","J","300","12466","NA","NA","42477","263705","43322","NB-BB","26"
"NA","NA","NA","NA","NA","NA","pop-top_step1.wav","pop","top","kauw-tauw_step4.wav","kauw","touw","1591","incongruent","1","1","undefined","j","NA","NA","3","83","0","NA","NA","3","83","29","Wed May 15 09:26:02 2024","300","right","3","j","j","NA","NA","A","E","495","NA","NA","845","491","9","odd","J","-300","12466","NA","NA","42477","263705","43322","NB-BB","27"
"NA","NA","NA","NA","NA","NA","pop-top_step1.wav","pop","top","kauw-tauw_step4.wav","kauw","touw","1561","congruent","1","1","undefined","f","NA","NA","3","83","0","NA","NA","3","83","30","Wed May 15 09:26:02 2024","300","left","3","f","f","NA","NA","A","E","524","NA","NA","845","491","9","odd","F","-300","12466","NA","NA","42477","263705","43322","NB-BB","28"
"NA","NA","NA","NA","NA","NA","pop-top_step1.wav","pop","top","kauw-tauw_step4.wav","kauw","touw","1530","congruent","1","1","undefined","j","NA","NA","3","83","0","NA","NA","3","83","31","Wed May 15 09:26:02 2024","-300","right","3","j","j","NA","NA","A","E","398","NA","NA","845","491","9","odd","J","300","12466","NA","NA","42477","263705","43322","NB-BB","29"
"NA","NA","NA","NA","NA","NA","pop-top_step1.wav","pop","top","kauw-tauw_step4.wav","kauw","touw","1505","incongruent","1","1","undefined","f","NA","NA","3","83","0","NA","NA","3","83","32","Wed May 15 09:26:02 2024","-300","left","3","f","f","NA","NA","A","E","580","NA","NA","845","491","9","odd","F","300","12466","NA","NA","42477","263705","43322","NB-BB","30"
"NA","NA","NA","NA","NA","NA","pop-top_step1.wav","pop","top","kauw-tauw_step4.wav","kauw","touw","1479","incongruent","1","1","undefined","j","NA","NA","3","83","0","NA","NA","3","83","33","Wed May 15 09:26:02 2024","300","right","3","j","j","NA","NA","A","E","513","NA","NA","845","491","9","odd","J","-300","12466","NA","NA","42477","263705","43322","NB-BB","31"
"NA","NA","NA","NA","NA","NA","pop-top_step1.wav","pop","top","kauw-tauw_step4.wav","kauw","touw","1460","incongruent","1","1","undefined","j","NA","NA","3","83","0","NA","NA","3","83","34","Wed May 15 09:26:02 2024","-300","left","3","j","j","NA","NA","A","E","704","NA","NA","845","491","9","odd","J","300","12466","NA","NA","42477","263705","43322","NB-BB","32"
"NA","NA","NA","NA","NA","NA","pop-top_step1.wav","pop","top","kauw-tauw_step4.wav","kauw","touw","1437","incongruent","1","1","undefined","f","NA","NA","3","83","0","NA","NA","3","83","35","Wed May 15 09:26:02 2024","-300","left","3","f","f","NA","NA","A","E","530","NA","NA","845","491","9","odd","F","300","12466","NA","NA","42477","263705","43322","NB-BB","33"
"NA","NA","NA","NA","NA","NA","pop-top_step1.wav","pop","top","kauw-tauw_step4.wav","kauw","touw","1416","congruent","1","1","undefined","f","NA","NA","3","83","0","NA","NA","3","83","36","Wed May 15 09:26:02 2024","-300","right","3","f","f","NA","NA","A","E","533","NA","NA","845","491","9","odd","F","300","12466","NA","NA","42477","263705","43322","NB-BB","34"
"NA","NA","NA","NA","NA","NA","pop-top_step1.wav","pop","top","kauw-tauw_step4.wav","kauw","touw","1398","congruent","1","1","undefined","f","NA","NA","3","83","0","NA","NA","3","83","37","Wed May 15 09:26:02 2024","300","left","3","f","f","NA","NA","A","E","652","NA","NA","845","491","9","odd","F","-300","12466","NA","NA","42477","263705","43322","NB-BB","35"
"NA","NA","NA","NA","NA","NA","pop-top_step1.wav","pop","top","kauw-tauw_step4.wav","kauw","touw","1380","incongruent","1","1","undefined","j","NA","NA","3","83","0","NA","NA","3","83","38","Wed May 15 09:26:02 2024","300","right","3","j","j","NA","NA","A","E","592","NA","NA","845","491","9","odd","J","-300","12466","NA","NA","42477","263705","43322","NB-BB","36"
"NA","NA","NA","NA","NA","NA","pop-top_step1.wav","pop","top","kauw-tauw_step4.wav","kauw","touw","1359","congruent","1","1","undefined","f","NA","NA","3","83","0","NA","NA","3","83","39","Wed May 15 09:26:02 2024","300","left","3","f","f","NA","NA","A","E","469","NA","NA","845","491","9","odd","F","-300","12466","NA","NA","42477","263705","43322","NB-BB","37"
"NA","NA","NA","NA","NA","NA","pop-top_step1.wav","pop","top","kauw-tauw_step4.wav","kauw","touw","1346","incongruent","1","1","undefined","f","NA","NA","3","83","0","NA","NA","3","83","40","Wed May 15 09:26:02 2024","-300","left","3","f","f","NA","NA","A","E","739","NA","NA","845","491","9","odd","F","300","12466","NA","NA","42477","263705","43322","NB-BB","38"
"NA","NA","NA","NA","NA","NA","pop-top_step1.wav","pop","top","kauw-tauw_step4.wav","kauw","touw","1330","incongruent","1","1","undefined","f","NA","NA","3","83","0","NA","NA","3","83","41","Wed May 15 09:26:02 2024","300","right","3","f","f","NA","NA","A","E","606","NA","NA","845","491","9","odd","F","-300","12466","NA","NA","42477","263705","43322","NB-BB","39"
"NA","NA","NA","NA","NA","NA","pop-top_step1.wav","pop","top","kauw-tauw_step4.wav","kauw","touw","1313","incongruent","1","1","undefined","j","NA","NA","3","83","0","NA","NA","3","83","42","Wed May 15 09:26:02 2024","300","right","3","j","j","NA","NA","A","E","483","NA","NA","845","491","9","odd","J","-300","12466","NA","NA","42477","263705","43322","NB-BB","40"
"NA","NA","NA","NA","NA","NA","pop-top_step1.wav","pop","top","kauw-tauw_step4.wav","kauw","touw","1296","incongruent","1","1","undefined","f","NA","NA","3","83","0","NA","NA","3","83","43","Wed May 15 09:26:02 2024","300","right","3","f","f","NA","NA","A","E","498","NA","NA","845","491","9","odd","F","-300","12466","NA","NA","42477","263705","43322","NB-BB","41"
"NA","NA","NA","NA","NA","NA","pop-top_step1.wav","pop","top","kauw-tauw_step4.wav","kauw","touw","1280","congruent","1","1","undefined","j","NA","NA","3","83","0","NA","NA","3","83","44","Wed May 15 09:26:02 2024","-300","right","3","j","j","NA","NA","A","E","493","NA","NA","845","491","9","odd","J","300","12466","NA","NA","42477","263705","43322","NB-BB","42"
"NA","NA","NA","NA","NA","NA","pop-top_step1.wav","pop","top","kauw-tauw_step4.wav","kauw","touw","1263","congruent","1","1","undefined","f","NA","NA","3","83","0","NA","NA","3","83","45","Wed May 15 09:26:02 2024","300","left","3","f","f","NA","NA","A","E","437","NA","NA","845","491","9","odd","F","-300","12466","NA","NA","42477","263705","43322","NB-BB","43"
"NA","NA","NA","NA","NA","NA","pop-top_step1.wav","pop","top","kauw-tauw_step4.wav","kauw","touw","1248","congruent","1","1","undefined","j","NA","NA","3","83","0","NA","NA","3","83","46","Wed May 15 09:26:02 2024","300","left","3","j","j","NA","NA","A","E","474","NA","NA","845","491","9","odd","J","-300","12466","NA","NA","42477","263705","43322","NB-BB","44"
"NA","NA","NA","NA","NA","NA","pop-top_step1.wav","pop","top","kauw-tauw_step4.wav","kauw","touw","1234","congruent","1","1","undefined","j","NA","NA","3","83","0","NA","NA","3","83","47","Wed May 15 09:26:02 2024","300","left","3","j","j","NA","NA","A","E","483","NA","NA","845","491","9","odd","J","-300","12466","NA","NA","42477","263705","43322","NB-BB","45"
"NA","NA","NA","NA","NA","NA","pop-top_step1.wav","pop","top","kauw-tauw_step4.wav","kauw","touw","1219","congruent","1","1","undefined","j","NA","NA","3","83","0","NA","NA","3","83","48","Wed May 15 09:26:02 2024","-300","right","3","j","j","NA","NA","A","E","427","NA","NA","845","491","9","odd","J","300","12466","NA","NA","42477","263705","43322","NB-BB","46"
"NA","NA","NA","NA","NA","NA","pop-top_step1.wav","pop","top","kauw-tauw_step4.wav","kauw","touw","1207","incongruent","1","1","undefined","f","NA","NA","3","83","0","NA","NA","3","83","49","Wed May 15 09:26:02 2024","-300","left","3","f","f","NA","NA","A","E","602","NA","NA","845","491","9","odd","F","300","12466","NA","NA","42477","263705","43322","NB-BB","47"
"NA","NA","NA","NA","NA","NA","pop-top_step1.wav","pop","top","kauw-tauw_step4.wav","kauw","touw","1197","congruent","1","1","undefined","f","NA","NA","3","83","0","NA","NA","3","83","50","Wed May 15 09:26:02 2024","300","left","3","f","f","NA","NA","A","E","647","NA","NA","845","491","9","odd","F","-300","12466","NA","NA","42477","263705","43322","NB-BB","48"
"NA","NA","NA","NA","NA","NA","pop-top_step1.wav","pop","top","kauw-tauw_step4.wav","kauw","touw","1187","incongruent","1","1","undefined","j","NA","NA","3","83","0","NA","NA","3","83","51","Wed May 15 09:26:02 2024","-300","left","3","j","j","NA","NA","A","E","586","NA","NA","845","491","9","odd","J","300","12466","NA","NA","42477","263705","43322","NB-BB","49"
"NA","NA","NA","NA","NA","NA","pop-top_step1.wav","pop","top","kauw-tauw_step4.wav","kauw","touw","1183","incongruent","1","1","undefined","j","NA","NA","3","83","0","NA","NA","3","83","52","Wed May 15 09:26:02 2024","300","right","3","j","j","NA","NA","A","E","980","NA","NA","845","491","9","odd","J","-300","12466","NA","NA","42477","263705","43322","NB-BB","50"
"NA","NA","NA","NA","NA","NA","pop-top_step1.wav","pop","top","kauw-tauw_step4.wav","kauw","touw","1172","congruent","1","1","undefined","j","NA","NA","3","83","0","NA","NA","3","83","53","Wed May 15 09:26:02 2024","300","left","3","j","j","NA","NA","A","E","546","NA","NA","845","491","9","odd","J","-300","12466","NA","NA","42477","263705","43322","NB-BB","51"
"NA","NA","NA","NA","NA","NA","pop-top_step1.wav","pop","top","kauw-tauw_step4.wav","kauw","touw","1161","incongruent","1","1","undefined","f","NA","NA","3","83","0","NA","NA","3","83","54","Wed May 15 09:26:02 2024","-300","left","3","f","f","NA","NA","A","E","504","NA","NA","845","491","9","odd","F","300","12466","NA","NA","42477","263705","43322","NB-BB","52"
"NA","NA","NA","NA","NA","NA","pop-top_step1.wav","pop","top","kauw-tauw_step4.wav","kauw","touw","1149","congruent","1","1","undefined","f","NA","NA","3","83","0","NA","NA","3","83","55","Wed May 15 09:26:02 2024","300","left","3","f","f","NA","NA","A","E","433","NA","NA","845","491","9","odd","F","-300","12466","NA","NA","42477","263705","43322","NB-BB","53"
"NA","NA","NA","NA","NA","NA","pop-top_step1.wav","pop","top","kauw-tauw_step4.wav","kauw","touw","1140","congruent","1","1","undefined","j","NA","NA","3","83","0","NA","NA","3","83","56","Wed May 15 09:26:02 2024","-300","right","3","j","j","NA","NA","A","E","551","NA","NA","845","491","9","odd","J","300","12466","NA","NA","42477","263705","43322","NB-BB","54"
"NA","NA","NA","NA","NA","NA","pop-top_step1.wav","pop","top","kauw-tauw_step4.wav","kauw","touw","1129","incongruent","1","1","undefined","j","NA","NA","3","83","0","NA","NA","3","83","57","Wed May 15 09:26:02 2024","300","right","3","j","j","NA","NA","A","E","447","NA","NA","845","491","9","odd","J","-300","12466","NA","NA","42477","263705","43322","NB-BB","55"
"NA","NA","NA","NA","NA","NA","pop-top_step1.wav","pop","top","kauw-tauw_step4.wav","kauw","touw","1118","incongruent","1","1","undefined","j","NA","NA","3","83","0","NA","NA","3","83","58","Wed May 15 09:26:02 2024","-300","left","3","j","j","NA","NA","A","E","458","NA","NA","845","491","9","odd","J","300","12466","NA","NA","42477","263705","43322","NB-BB","56"
"NA","NA","NA","NA","NA","NA","pop-top_step1.wav","pop","top","kauw-tauw_step4.wav","kauw","touw","1110","congruent","1","1","undefined","f","NA","NA","3","83","0","NA","NA","3","83","59","Wed May 15 09:26:02 2024","-300","right","3","f","f","NA","NA","A","E","572","NA","NA","845","491","9","odd","F","300","12466","NA","NA","42477","263705","43322","NB-BB","57"
"NA","NA","NA","NA","NA","NA","pop-top_step1.wav","pop","top","kauw-tauw_step4.wav","kauw","touw","1103","congruent","1","1","undefined","j","NA","NA","3","83","0","NA","NA","3","83","60","Wed May 15 09:26:02 2024","300","left","3","j","j","NA","NA","A","E","647","NA","NA","845","491","9","odd","J","-300","12466","NA","NA","42477","263705","43322","NB-BB","58"
"NA","NA","NA","NA","NA","NA","pop-top_step1.wav","pop","top","kauw-tauw_step4.wav","kauw","touw","1094","incongruent","1","1","undefined","f","NA","NA","3","83","0","NA","NA","3","83","61","Wed May 15 09:26:02 2024","300","right","3","f","f","NA","NA","A","E","490","NA","NA","845","491","9","odd","F","-300","12466","NA","NA","42477","263705","43322","NB-BB","59"
"NA","NA","NA","NA","NA","NA","pop-top_step1.wav","pop","top","kauw-tauw_step4.wav","kauw","touw","1087","congruent","1","1","undefined","j","NA","NA","3","83","0","NA","NA","3","83","62","Wed May 15 09:26:02 2024","300","left","3","j","j","NA","NA","A","E","625","NA","NA","845","491","9","odd","J","-300","12466","NA","NA","42477","263705","43322","NB-BB","60"
"NA","NA","NA","NA","NA","NA","pop-top_step1.wav","pop","top","kauw-tauw_step4.wav","kauw","touw","1078","congruent","1","1","undefined","f","NA","NA","3","83","0","NA","NA","3","83","63","Wed May 15 09:26:02 2024","300","left","3","f","f","NA","NA","A","E","513","NA","NA","845","491","9","odd","F","-300","12466","NA","NA","42477","263705","43322","NB-BB","61"
"NA","NA","NA","NA","NA","NA","pop-top_step1.wav","pop","top","kauw-tauw_step4.wav","kauw","touw","1072","incongruent","1","1","undefined","f","NA","NA","3","83","0","NA","NA","3","83","64","Wed May 15 09:26:02 2024","300","right","3","f","f","NA","NA","A","E","624","NA","NA","845","491","9","odd","F","-300","12466","NA","NA","42477","263705","43322","NB-BB","62"
"NA","NA","NA","NA","NA","NA","pop-top_step1.wav","pop","top","kauw-tauw_step4.wav","kauw","touw","1065","incongruent","1","1","undefined","j","NA","NA","3","83","0","NA","NA","3","83","65","Wed May 15 09:26:02 2024","-300","left","3","j","j","NA","NA","A","E","569","NA","NA","845","491","9","odd","J","300","12466","NA","NA","42477","263705","43322","NB-BB","63"
"NA","NA","NA","NA","NA","NA","pop-top_step1.wav","pop","top","kauw-tauw_step4.wav","kauw","touw","1058","incongruent","1","1","undefined","j","NA","NA","3","83","0","NA","NA","3","83","66","Wed May 15 09:26:02 2024","300","right","3","j","j","NA","NA","A","E","605","NA","NA","845","491","9","odd","J","-300","12466","NA","NA","42477","263705","43322","NB-BB","64"
"NA","NA","NA","NA","NA","NA","pop-top_step1.wav","pop","top","kauw-tauw_step4.wav","kauw","touw","1050","incongruent","1","1","undefined","f","NA","NA","3","83","0","NA","NA","3","83","67","Wed May 15 09:26:02 2024","300","right","3","f","f","NA","NA","A","E","451","NA","NA","845","491","9","odd","F","-300","12466","NA","NA","42477","263705","43322","NB-BB","65"
"NA","NA","NA","NA","NA","NA","pop-top_step1.wav","pop","top","kauw-tauw_step4.wav","kauw","touw","1050","incongruent","1","1","undefined","f","NA","NA","3","83","0","NA","NA","3","83","68","Wed May 15 09:26:02 2024","-300","left","3","f","f","NA","NA","A","E","1084","NA","NA","845","491","9","odd","F","300","12466","NA","NA","42477","263705","43322","NB-BB","66"
"NA","NA","NA","NA","NA","NA","pop-top_step1.wav","pop","top","kauw-tauw_step4.wav","kauw","touw","1043","incongruent","1","1","undefined","j","NA","NA","3","83","0","NA","NA","3","83","69","Wed May 15 09:26:02 2024","300","right","3","j","j","NA","NA","A","E","506","NA","NA","845","491","9","odd","J","-300","12466","NA","NA","42477","263705","43322","NB-BB","67"
"NA","NA","NA","NA","NA","NA","pop-top_step1.wav","pop","top","kauw-tauw_step4.wav","kauw","touw","1040","incongruent","1","1","undefined","f","NA","NA","3","83","0","NA","NA","3","83","70","Wed May 15 09:26:02 2024","-300","left","3","f","f","NA","NA","A","E","833","NA","NA","845","491","9","odd","F","300","12466","NA","NA","42477","263705","43322","NB-BB","68"
"NA","NA","NA","NA","NA","NA","pop-top_step1.wav","pop","top","kauw-tauw_step4.wav","kauw","touw","1035","incongruent","1","1","undefined","f","NA","NA","3","83","0","NA","NA","3","83","71","Wed May 15 09:26:02 2024","300","right","3","f","f","NA","NA","A","E","632","NA","NA","845","491","9","odd","F","-300","12466","NA","NA","42477","263705","43322","NB-BB","69"
"NA","NA","NA","NA","NA","NA","pop-top_step1.wav","pop","top","kauw-tauw_step4.wav","kauw","touw","1029","congruent","1","1","undefined","f","NA","NA","3","83","0","NA","NA","3","83","72","Wed May 15 09:26:02 2024","-300","right","3","f","f","NA","NA","A","E","565","NA","NA","845","491","9","odd","F","300","12466","NA","NA","42477","263705","43322","NB-BB","70"
"NA","NA","NA","NA","NA","NA","pop-top_step1.wav","pop","top","kauw-tauw_step4.wav","kauw","touw","1022","congruent","1","1","undefined","f","NA","NA","3","83","0","NA","NA","3","83","73","Wed May 15 09:26:02 2024","-300","right","3","f","f","NA","NA","A","E","470","NA","NA","845","491","9","odd","F","300","12466","NA","NA","42477","263705","43322","NB-BB","71"
"NA","NA","NA","NA","NA","NA","pop-top_step1.wav","pop","top","kauw-tauw_step4.wav","kauw","touw","1015","congruent","1","1","undefined","f","NA","NA","3","83","0","NA","NA","3","83","74","Wed May 15 09:26:02 2024","-300","right","3","f","f","NA","NA","A","E","471","NA","NA","845","491","9","odd","F","300","12466","NA","NA","42477","263705","43322","NB-BB","72"
"NA","NA","NA","NA","NA","NA","pop-top_step1.wav","pop","top","kauw-tauw_step4.wav","kauw","touw","1010","incongruent","1","1","undefined","j","NA","NA","3","83","0","NA","NA","3","83","75","Wed May 15 09:26:02 2024","-300","left","3","j","j","NA","NA","A","E","577","NA","NA","845","491","9","odd","J","300","12466","NA","NA","42477","263705","43322","NB-BB","73"
"NA","NA","NA","NA","NA","NA","pop-top_step1.wav","pop","top","kauw-tauw_step4.wav","kauw","touw","1004","incongruent","1","1","undefined","f","NA","NA","3","83","0","NA","NA","3","83","76","Wed May 15 09:26:02 2024","300","right","3","f","f","NA","NA","A","E","544","NA","NA","845","491","9","odd","F","-300","12466","NA","NA","42477","263705","43322","NB-BB","74"
"NA","NA","NA","NA","NA","NA","pop-top_step1.wav","pop","top","kauw-tauw_step4.wav","kauw","touw","996","congruent","1","1","undefined","j","NA","NA","3","83","0","NA","NA","3","83","77","Wed May 15 09:26:02 2024","-300","right","3","j","j","NA","NA","A","E","352","NA","NA","845","491","9","odd","J","300","12466","NA","NA","42477","263705","43322","NB-BB","75"
"NA","NA","NA","NA","NA","NA","pop-top_step1.wav","pop","top","kauw-tauw_step4.wav","kauw","touw","989","congruent","1","1","undefined","f","NA","NA","3","83","0","NA","NA","3","83","78","Wed May 15 09:26:02 2024","-300","right","3","f","f","NA","NA","A","E","432","NA","NA","845","491","9","odd","F","300","12466","NA","NA","42477","263705","43322","NB-BB","76"
"NA","NA","NA","NA","NA","NA","pop-top_step1.wav","pop","top","kauw-tauw_step4.wav","kauw","touw","987","congruent","1","1","undefined","j","NA","NA","3","83","0","NA","NA","3","83","79","Wed May 15 09:26:02 2024","300","left","3","j","j","NA","NA","A","E","764","NA","NA","845","491","9","odd","J","-300","12466","NA","NA","42477","263705","43322","NB-BB","77"
"doos-toos_F0_7_VOT_7_stereo.wav","doos","toos","NA","NA","NA","pop-top_step1.wav","pop","top","kauw-tauw_step4.wav","kauw","touw","987","congruent","0","1","undefined","j","0","NA","3","83","0","0","NA","3","83","79","Wed May 15 09:26:02 2024","300","left","3","E","j","E","NA","A","E","764","1121","NA","845","491","9","odd","J","-300","12466","694059","NA","42477","263705","43322","NB-BB","77"
"pop-top_step1.wav","pop","top","NA","NA","NA","pop-top_step1.wav","pop","top","kauw-tauw_step4.wav","kauw","touw","987","congruent","0","1","undefined","j","1","NA","3","83","0","1","NA","3","83","79","Wed May 15 09:26:02 2024","300","left","3","A","j","A","NA","A","E","764","416","NA","845","491","9","odd","J","-300","12466","697094","NA","42477","263705","43322","NB-BB","77"
"tuin-duin_F0_4_VOT_4_stereo.wav","tuin","duin","NA","NA","NA","pop-top_step1.wav","pop","top","kauw-tauw_step4.wav","kauw","touw","987","congruent","0","1","undefined","j","2","NA","3","83","0","2","NA","3","83","79","Wed May 15 09:26:02 2024","300","left","3","A","j","A","NA","A","E","764","311","NA","845","491","9","odd","J","-300","12466","699284","NA","42477","263705","43322","NB-BB","77"
"kauw-tauw_step5.wav","touw","kauw","NA","NA","NA","pop-top_step1.wav","pop","top","kauw-tauw_step4.wav","kauw","touw","987","congruent","0","1","undefined","j","3","NA","3","83","0","3","NA","3","83","79","Wed May 15 09:26:02 2024","300","left","3","A","j","A","NA","A","E","764","44","NA","845","491","9","odd","J","-300","12466","701484","NA","42477","263705","43322","NB-BB","77"
"kauw-tauw_step5.wav","touw","kauw","doos-toos_F0_5_VOT_5_stereo.wav","doos","toos","pop-top_step1.wav","pop","top","kauw-tauw_step4.wav","kauw","touw","987","congruent","0","1","undefined","j","3","0","3","83","0","3","0","3","83","79","Wed May 15 09:26:02 2024","300","left","3","E","j","A","E","A","E","764","44","633","845","491","9","odd","J","-300","12466","701484","710898","42477","263705","43322","NB-BB","77"
"kauw-tauw_step5.wav","touw","kauw","pop-top_step3.wav","pop","top","pop-top_step1.wav","pop","top","kauw-tauw_step4.wav","kauw","touw","987","congruent","0","1","undefined","j","3","1","3","83","0","3","1","3","83","79","Wed May 15 09:26:02 2024","300","left","3","A","j","A","A","A","E","764","44","270","845","491","9","odd","J","-300","12466","701484","713373","42477","263705","43322","NB-BB","77"
"kauw-tauw_step5.wav","touw","kauw","kauw-tauw_step1.wav","kauw","touw","pop-top_step1.wav","pop","top","kauw-tauw_step4.wav","kauw","touw","987","congruent","0","1","undefined","j","3","2","3","83","0","3","2","3","83","79","Wed May 15 09:26:02 2024","300","left","3","A","j","A","A","A","E","764","44","3","845","491","9","odd","J","-300","12466","701484","715524","42477","263705","43322","NB-BB","77"
"kauw-tauw_step5.wav","touw","kauw","bier-buur_Step1stereo.wav","bier","buur","pop-top_step1.wav","pop","top","kauw-tauw_step4.wav","kauw","touw","987","congruent","0","1","undefined","j","3","3","3","83","0","3","3","3","83","79","Wed May 15 09:26:02 2024","300","left","3","A","j","A","A","A","E","764","44","200","845","491","9","odd","J","-300","12466","701484","717254","42477","263705","43322","NB-BB","77"
"kauw-tauw_step5.wav","touw","kauw","kik-kek_continuumStep_5_stereo.wav","kek","kik","pop-top_step1.wav","pop","top","kauw-tauw_step4.wav","kauw","touw","987","congruent","0","1","undefined","j","3","4","3","83","0","3","4","3","83","79","Wed May 15 09:26:02 2024","300","left","3","A","j","A","A","A","E","764","44","49","845","491","9","odd","J","-300","12466","701484","719224","42477","263705","43322","NB-BB","77"
"kauw-tauw_step5.wav","touw","kauw","tap-kap_step7.wav","tap","kap","pop-top_step1.wav","pop","top","kauw-tauw_step4.wav","kauw","touw","987","congruent","0","1","undefined","j","3","5","3","83","0","3","5","3","83","79","Wed May 15 09:26:02 2024","300","left","3","E","j","A","E","A","E","764","44","1274","845","491","9","odd","J","-300","12466","701484","721090","42477","263705","43322","NB-BB","77"
"kauw-tauw_step5.wav","touw","kauw","kik-kek_continuumStep_6_stereo.wav","kek","kik","pop-top_step1.wav","pop","top","kauw-tauw_step4.wav","kauw","touw","987","congruent","0","1","undefined","j","3","6","3","83","0","3","6","3","83","79","Wed May 15 09:26:02 2024","300","left","3","A","j","A","A","A","E","764","44","1534","845","491","9","odd","J","-300","12466","701484","724117","42477","263705","43322","NB-BB","77"
"kauw-tauw_step5.wav","touw","kauw","pop-top_step2.wav","pop","top","pop-top_step1.wav","pop","top","kauw-tauw_step4.wav","kauw","touw","987","congruent","0","1","undefined","j","3","7","3","83","0","3","7","3","83","79","Wed May 15 09:26:02 2024","300","left","3","A","j","A","A","A","E","764","44","133","845","491","9","odd","J","-300","12466","701484","727515","42477","263705","43322","NB-BB","77"
"kauw-tauw_step5.wav","touw","kauw","tap-kap_step3.wav","tap","kap","pop-top_step1.wav","pop","top","kauw-tauw_step4.wav","kauw","touw","987","congruent","0","1","undefined","j","3","8","3","83","0","3","8","3","83","79","Wed May 15 09:26:02 2024","300","left","3","A","j","A","A","A","E","764","44","675","845","491","9","odd","J","-300","12466","701484","729466","42477","263705","43322","NB-BB","77"
"kauw-tauw_step5.wav","touw","kauw","dier-duur_Step1stereo.wav","dier","duur","pop-top_step1.wav","pop","top","kauw-tauw_step4.wav","kauw","touw","987","congruent","0","1","undefined","j","3","9","3","83","0","3","9","3","83","79","Wed May 15 09:26:02 2024","300","left","3","A","j","A","A","A","E","764","44","561","845","491","9","odd","J","-300","12466","701484","731904","42477","263705","43322","NB-BB","77"
"kauw-tauw_step5.wav","touw","kauw","kik-kek_continuumStep_1_stereo.wav","kek","kik","pop-top_step1.wav","pop","top","kauw-tauw_step4.wav","kauw","touw","987","congruent","0","1","undefined","j","3","10","3","83","0","3","10","3","83","79","Wed May 15 09:26:02 2024","300","left","3","E","j","A","E","A","E","764","44","209","845","491","9","odd","J","-300","12466","701484","734215","42477","263705","43322","NB-BB","77"
"kauw-tauw_step5.wav","touw","kauw","pop-top_step7.wav","pop","top","pop-top_step1.wav","pop","top","kauw-tauw_step4.wav","kauw","touw","987","congruent","0","1","undefined","j","3","11","3","83","0","3","11","3","83","79","Wed May 15 09:26:02 2024","300","left","3","E","j","A","E","A","E","764","44","543","845","491","9","odd","J","-300","12466","701484","736273","42477","263705","43322","NB-BB","77"
"kauw-tauw_step5.wav","touw","kauw","bier-buur_Step2stereo.wav","bier","buur","pop-top_step1.wav","pop","top","kauw-tauw_step4.wav","kauw","touw","987","congruent","0","1","undefined","j","3","12","3","83","0","3","12","3","83","79","Wed May 15 09:26:02 2024","300","left","3","A","j","A","A","A","E","764","44","309","845","491","9","odd","J","-300","12466","701484","738556","42477","263705","43322","NB-BB","77"
"kauw-tauw_step5.wav","touw","kauw","tuin-duin_F0_2_VOT_2_stereo.wav","tuin","duin","pop-top_step1.wav","pop","top","kauw-tauw_step4.wav","kauw","touw","987","congruent","0","1","undefined","j","3","13","3","83","0","3","13","3","83","79","Wed May 15 09:26:02 2024","300","left","3","A","j","A","A","A","E","764","44","299","845","491","9","odd","J","-300","12466","701484","740657","42477","263705","43322","NB-BB","77"
"kauw-tauw_step5.wav","touw","kauw","tuin-duin_F0_7_VOT_7_stereo.wav","tuin","duin","pop-top_step1.wav","pop","top","kauw-tauw_step4.wav","kauw","touw","987","congruent","0","1","undefined","j","3","14","3","83","0","3","14","3","83","79","Wed May 15 09:26:02 2024","300","left","3","A","j","A","A","A","E","764","44","330","845","491","9","odd","J","-300","12466","701484","742752","42477","263705","43322","NB-BB","77"
"kauw-tauw_step5.wav","touw","kauw","kauw-tauw_step2.wav","kauw","touw","pop-top_step1.wav","pop","top","kauw-tauw_step4.wav","kauw","touw","987","congruent","0","1","undefined","j","3","15","3","83","0","3","15","3","83","79","Wed May 15 09:26:02 2024","300","left","3","A","j","A","A","A","E","764","44","471","845","491","9","odd","J","-300","12466","701484","744960","42477","263705","43322","NB-BB","77"
"kauw-tauw_step5.wav","touw","kauw","tuin-duin_F0_1_VOT_1_stereo.wav","tuin","duin","pop-top_step1.wav","pop","top","kauw-tauw_step4.wav","kauw","touw","987","congruent","0","1","undefined","j","3","16","3","83","0","3","16","3","83","79","Wed May 15 09:26:02 2024","300","left","3","E","j","A","E","A","E","764","44","1058","845","491","9","odd","J","-300","12466","701484","747212","42477","263705","43322","NB-BB","77"
"kauw-tauw_step5.wav","touw","kauw","pop-top_step4.wav","pop","top","pop-top_step1.wav","pop","top","kauw-tauw_step4.wav","kauw","touw","987","congruent","0","1","undefined","j","3","17","3","83","0","3","17","3","83","79","Wed May 15 09:26:02 2024","300","left","3","A","j","A","A","A","E","764","44","358","845","491","9","odd","J","-300","12466","701484","750138","42477","263705","43322","NB-BB","77"
"kauw-tauw_step5.wav","touw","kauw","pier-puur1_stereo.wav","pier","puur","pop-top_step1.wav","pop","top","kauw-tauw_step4.wav","kauw","touw","987","congruent","0","1","undefined","j","3","18","3","83","0","3","18","3","83","79","Wed May 15 09:26:02 2024","300","left","3","A","j","A","A","A","E","764","44","1060","845","491","9","odd","J","-300","12466","701484","752221","42477","263705","43322","NB-BB","77"
"kauw-tauw_step5.wav","touw","kauw","pop-top_step1.wav","pop","top","pop-top_step1.wav","pop","top","kauw-tauw_step4.wav","kauw","touw","987","congruent","0","1","undefined","j","3","19","3","83","0","3","19","3","83","79","Wed May 15 09:26:02 2024","300","left","3","A","j","A","A","A","E","764","44","1382","845","491","9","odd","J","-300","12466","701484","755130","42477","263705","43322","NB-BB","77"
"kauw-tauw_step5.wav","touw","kauw","dier-duur_Step6stereo.wav","dier","duur","pop-top_step1.wav","pop","top","kauw-tauw_step4.wav","kauw","touw","987","congruent","0","1","undefined","j","3","20","3","83","0","3","20","3","83","79","Wed May 15 09:26:02 2024","300","left","3","E","j","A","E","A","E","764","44","354","845","491","9","odd","J","-300","12466","701484","758290","42477","263705","43322","NB-BB","77"
"kauw-tauw_step5.wav","touw","kauw","pip-pep_continuumStep_1_stereo.wav","pip","pep","pop-top_step1.wav","pop","top","kauw-tauw_step4.wav","kauw","touw","987","congruent","0","1","undefined","j","3","21","3","83","0","3","21","3","83","79","Wed May 15 09:26:02 2024","300","left","3","A","j","A","A","A","E","764","44","85","845","491","9","odd","J","-300","12466","701484","760506","42477","263705","43322","NB-BB","77"
"kauw-tauw_step5.wav","touw","kauw","bier-buur_Step5stereo.wav","bier","buur","pop-top_step1.wav","pop","top","kauw-tauw_step4.wav","kauw","touw","987","congruent","0","1","undefined","j","3","22","3","83","0","3","22","3","83","79","Wed May 15 09:26:02 2024","300","left","3","A","j","A","A","A","E","764","44","975","845","491","9","odd","J","-300","12466","701484","762337","42477","263705","43322","NB-BB","77"
"kauw-tauw_step5.wav","touw","kauw","tap-kap_step5.wav","tap","kap","pop-top_step1.wav","pop","top","kauw-tauw_step4.wav","kauw","touw","987","congruent","0","1","undefined","j","3","23","3","83","0","3","23","3","83","79","Wed May 15 09:26:02 2024","300","left","3","E","j","A","E","A","E","764","44","129","845","491","9","odd","J","-300","12466","701484","765114","42477","263705","43322","NB-BB","77"
"kauw-tauw_step5.wav","touw","kauw","tuin-duin_F0_6_VOT_6_stereo.wav","tuin","duin","pop-top_step1.wav","pop","top","kauw-tauw_step4.wav","kauw","touw","987","congruent","0","1","undefined","j","3","24","3","83","0","3","24","3","83","79","Wed May 15 09:26:02 2024","300","left","3","A","j","A","A","A","E","764","44","49","845","491","9","odd","J","-300","12466","701484","767047","42477","263705","43322","NB-BB","77"
"kauw-tauw_step5.wav","touw","kauw","pier-puur6_stereo.wav","pier","puur","pop-top_step1.wav","pop","top","kauw-tauw_step4.wav","kauw","touw","987","congruent","0","1","undefined","j","3","25","3","83","0","3","25","3","83","79","Wed May 15 09:26:02 2024","300","left","3","A","j","A","A","A","E","764","44","864","845","491","9","odd","J","-300","12466","701484","768819","42477","263705","43322","NB-BB","77"
"kauw-tauw_step5.wav","touw","kauw","sik-sec2.wav","sik","sec","pop-top_step1.wav","pop","top","kauw-tauw_step4.wav","kauw","touw","987","congruent","0","1","undefined","j","3","26","3","83","0","3","26","3","83","79","Wed May 15 09:26:02 2024","300","left","3","E","j","A","E","A","E","764","44","120","845","491","9","odd","J","-300","12466","701484","771651","42477","263705","43322","NB-BB","77"
"kauw-tauw_step5.wav","touw","kauw","bier-buur_Step6stereo.wav","bier","buur","pop-top_step1.wav","pop","top","kauw-tauw_step4.wav","kauw","touw","987","congruent","0","1","undefined","j","3","27","3","83","0","3","27","3","83","79","Wed May 15 09:26:02 2024","300","left","3","A","j","A","A","A","E","764","44","146","845","491","9","odd","J","-300","12466","701484","773514","42477","263705","43322","NB-BB","77"
"kauw-tauw_step5.wav","touw","kauw","dak-tak_F0_6_VOT_6_stereo.wav","dak","tak","pop-top_step1.wav","pop","top","kauw-tauw_step4.wav","kauw","touw","987","congruent","0","1","undefined","j","3","28","3","83","0","3","28","3","83","79","Wed May 15 09:26:02 2024","300","left","3","E","j","A","E","A","E","764","44","16","845","491","9","odd","J","-300","12466","701484","775480","42477","263705","43322","NB-BB","77"
"kauw-tauw_step5.wav","touw","kauw","bier-buur_Step4stereo.wav","bier","buur","pop-top_step1.wav","pop","top","kauw-tauw_step4.wav","kauw","touw","987","congruent","0","1","undefined","j","3","29","3","83","0","3","29","3","83","79","Wed May 15 09:26:02 2024","300","left","3","A","j","A","A","A","E","764","44","894","845","491","9","odd","J","-300","12466","701484","777241","42477","263705","43322","NB-BB","77"
"kauw-tauw_step5.wav","touw","kauw","pier-puur5_stereo.wav","pier","puur","pop-top_step1.wav","pop","top","kauw-tauw_step4.wav","kauw","touw","987","congruent","0","1","undefined","j","3","30","3","83","0","3","30","3","83","79","Wed May 15 09:26:02 2024","300","left","3","A","j","A","A","A","E","764","44","394","845","491","9","odd","J","-300","12466","701484","779854","42477","263705","43322","NB-BB","77"
"kauw-tauw_step5.wav","touw","kauw","pip-pep_continuumStep_3_stereo.wav","pip","pep","pop-top_step1.wav","pop","top","kauw-tauw_step4.wav","kauw","touw","987","congruent","0","1","undefined","j","3","31","3","83","0","3","31","3","83","79","Wed May 15 09:26:02 2024","300","left","3","E","j","A","E","A","E","764","44","22","845","491","9","odd","J","-300","12466","701484","782118","42477","263705","43322","NB-BB","77"
"kauw-tauw_step5.wav","touw","kauw","dak-tak_F0_5_VOT_5_stereo.wav","dak","tak","pop-top_step1.wav","pop","top","kauw-tauw_step4.wav","kauw","touw","987","congruent","0","1","undefined","j","3","32","3","83","0","3","32","3","83","79","Wed May 15 09:26:02 2024","300","left","3","E","j","A","E","A","E","764","44","395","845","491","9","odd","J","-300","12466","701484","783956","42477","263705","43322","NB-BB","77"
"kauw-tauw_step5.wav","touw","kauw","dak-tak_F0_4_VOT_4_stereo.wav","dak","tak","pop-top_step1.wav","pop","top","kauw-tauw_step4.wav","kauw","touw","987","congruent","0","1","undefined","j","3","33","3","83","0","3","33","3","83","79","Wed May 15 09:26:02 2024","300","left","3","E","j","A","E","A","E","764","44","22","845","491","9","odd","J","-300","12466","701484","786166","42477","263705","43322","NB-BB","77"
"kauw-tauw_step5.wav","touw","kauw","tuin-duin_F0_5_VOT_5_stereo.wav","tuin","duin","pop-top_step1.wav","pop","top","kauw-tauw_step4.wav","kauw","touw","987","congruent","0","1","undefined","j","3","34","3","83","0","3","34","3","83","79","Wed May 15 09:26:02 2024","300","left","3","A","j","A","A","A","E","764","44","281","845","491","9","odd","J","-300","12466","701484","787987","42477","263705","43322","NB-BB","77"
"kauw-tauw_step5.wav","touw","kauw","kik-kek_continuumStep_4_stereo.wav","kek","kik","pop-top_step1.wav","pop","top","kauw-tauw_step4.wav","kauw","touw","987","congruent","0","1","undefined","j","3","35","3","83","0","3","35","3","83","79","Wed May 15 09:26:02 2024","300","left","3","A","j","A","A","A","E","764","44","201","845","491","9","odd","J","-300","12466","701484","790030","42477","263705","43322","NB-BB","77"
"kauw-tauw_step5.wav","touw","kauw","pip-pep_continuumStep_5_stereo.wav","pip","pep","pop-top_step1.wav","pop","top","kauw-tauw_step4.wav","kauw","touw","987","congruent","0","1","undefined","j","3","36","3","83","0","3","36","3","83","79","Wed May 15 09:26:02 2024","300","left","3","E","j","A","E","A","E","764","44","39","845","491","9","odd","J","-300","12466","701484","792097","42477","263705","43322","NB-BB","77"
"kauw-tauw_step5.wav","touw","kauw","tap-kap_step6.wav","tap","kap","pop-top_step1.wav","pop","top","kauw-tauw_step4.wav","kauw","touw","987","congruent","0","1","undefined","j","3","37","3","83","0","3","37","3","83","79","Wed May 15 09:26:02 2024","300","left","3","E","j","A","E","A","E","764","44","324","845","491","9","odd","J","-300","12466","701484","793948","42477","263705","43322","NB-BB","77"
"kauw-tauw_step5.wav","touw","kauw","tuin-duin_F0_3_VOT_3_stereo.wav","tuin","duin","pop-top_step1.wav","pop","top","kauw-tauw_step4.wav","kauw","touw","987","congruent","0","1","undefined","j","3","38","3","83","0","3","38","3","83","79","Wed May 15 09:26:02 2024","300","left","3","A","j","A","A","A","E","764","44","175","845","491","9","odd","J","-300","12466","701484","796066","42477","263705","43322","NB-BB","77"
"kauw-tauw_step5.wav","touw","kauw","tap-kap_step4.wav","tap","kap","pop-top_step1.wav","pop","top","kauw-tauw_step4.wav","kauw","touw","987","congruent","0","1","undefined","j","3","39","3","83","0","3","39","3","83","79","Wed May 15 09:26:02 2024","300","left","3","E","j","A","E","A","E","764","44","5","845","491","9","odd","J","-300","12466","701484","798049","42477","263705","43322","NB-BB","77"
"kauw-tauw_step5.wav","touw","kauw","bier-buur_Step7stereo.wav","bier","buur","pop-top_step1.wav","pop","top","kauw-tauw_step4.wav","kauw","touw","987","congruent","0","1","undefined","j","3","40","3","83","0","3","40","3","83","79","Wed May 15 09:26:02 2024","300","left","3","E","j","A","E","A","E","764","44","988","845","491","9","odd","J","-300","12466","701484","799797","42477","263705","43322","NB-BB","77"
"kauw-tauw_step5.wav","touw","kauw","sik-sec6.wav","sik","sec","pop-top_step1.wav","pop","top","kauw-tauw_step4.wav","kauw","touw","987","congruent","0","1","undefined","j","3","41","3","83","0","3","41","3","83","79","Wed May 15 09:26:02 2024","300","left","3","E","j","A","E","A","E","764","44","26","845","491","9","odd","J","-300","12466","701484","802739","42477","263705","43322","NB-BB","77"
"kauw-tauw_step5.wav","touw","kauw","doos-toos_F0_6_VOT_6_stereo.wav","doos","toos","pop-top_step1.wav","pop","top","kauw-tauw_step4.wav","kauw","touw","987","congruent","0","1","undefined","j","3","42","3","83","0","3","42","3","83","79","Wed May 15 09:26:02 2024","300","left","3","E","j","A","E","A","E","764","44","2659","845","491","9","odd","J","-300","12466","701484","804789","42477","263705","43322","NB-BB","77"
"kauw-tauw_step5.wav","touw","kauw","dier-duur_Step4stereo.wav","dier","duur","pop-top_step1.wav","pop","top","kauw-tauw_step4.wav","kauw","touw","987","congruent","0","1","undefined","j","3","43","3","83","0","3","43","3","83","79","Wed May 15 09:26:02 2024","300","left","3","E","j","A","E","A","E","764","44","1474","845","491","9","odd","J","-300","12466","701484","809214","42477","263705","43322","NB-BB","77"
"kauw-tauw_step5.wav","touw","kauw","doos-toos_F0_2_VOT_2_stereo.wav","doos","toos","pop-top_step1.wav","pop","top","kauw-tauw_step4.wav","kauw","touw","987","congruent","0","1","undefined","j","3","44","3","83","0","3","44","3","83","79","Wed May 15 09:26:02 2024","300","left","3","A","j","A","A","A","E","764","44","448","845","491","9","odd","J","-300","12466","701484","812769","42477","263705","43322","NB-BB","77"
"kauw-tauw_step5.wav","touw","kauw","kik-kek_continuumStep_2_stereo.wav","kek","kik","pop-top_step1.wav","pop","top","kauw-tauw_step4.wav","kauw","touw","987","congruent","0","1","undefined","j","3","45","3","83","0","3","45","3","83","79","Wed May 15 09:26:02 2024","300","left","3","E","j","A","E","A","E","764","44","281","845","491","9","odd","J","-300","12466","701484","814993","42477","263705","43322","NB-BB","77"
"kauw-tauw_step5.wav","touw","kauw","doos-toos_F0_3_VOT_3_stereo.wav","doos","toos","pop-top_step1.wav","pop","top","kauw-tauw_step4.wav","kauw","touw","987","congruent","0","1","undefined","j","3","46","3","83","0","3","46","3","83","79","Wed May 15 09:26:02 2024","300","left","3","E","j","A","E","A","E","764","44","382","845","491","9","odd","J","-300","12466","701484","817265","42477","263705","43322","NB-BB","77"
"kauw-tauw_step5.wav","touw","kauw","bier-buur_Step3stereo.wav","bier","buur","pop-top_step1.wav","pop","top","kauw-tauw_step4.wav","kauw","touw","987","congruent","0","1","undefined","j","3","47","3","83","0","3","47","3","83","79","Wed May 15 09:26:02 2024","300","left","3","A","j","A","A","A","E","764","44","421","845","491","9","odd","J","-300","12466","701484","819403","42477","263705","43322","NB-BB","77"
"kauw-tauw_step5.wav","touw","kauw","sik-sec4.wav","sik","sec","pop-top_step1.wav","pop","top","kauw-tauw_step4.wav","kauw","touw","987","congruent","0","1","undefined","j","3","48","3","83","0","3","48","3","83","79","Wed May 15 09:26:02 2024","300","left","3","E","j","A","E","A","E","764","44","426","845","491","9","odd","J","-300","12466","701484","821773","42477","263705","43322","NB-BB","77"
"kauw-tauw_step5.wav","touw","kauw","doos-toos_F0_1_VOT_1_stereo.wav","doos","toos","pop-top_step1.wav","pop","top","kauw-tauw_step4.wav","kauw","touw","987","congruent","0","1","undefined","j","3","49","3","83","0","3","49","3","83","79","Wed May 15 09:26:02 2024","300","left","3","A","j","A","A","A","E","764","44","2754","845","491","9","odd","J","-300","12466","701484","824202","42477","263705","43322","NB-BB","77"
"kauw-tauw_step5.wav","touw","kauw","dak-tak_F0_3_VOT_3_stereo.wav","dak","tak","pop-top_step1.wav","pop","top","kauw-tauw_step4.wav","kauw","touw","987","congruent","0","1","undefined","j","3","50","3","83","0","3","50","3","83","79","Wed May 15 09:26:02 2024","300","left","3","E","j","A","E","A","E","764","44","350","845","491","9","odd","J","-300","12466","701484","828753","42477","263705","43322","NB-BB","77"
"kauw-tauw_step5.wav","touw","kauw","tuin-duin_F0_4_VOT_4_stereo.wav","tuin","duin","pop-top_step1.wav","pop","top","kauw-tauw_step4.wav","kauw","touw","987","congruent","0","1","undefined","j","3","51","3","83","0","3","51","3","83","79","Wed May 15 09:26:02 2024","300","left","3","A","j","A","A","A","E","764","44","260","845","491","9","odd","J","-300","12466","701484","830916","42477","263705","43322","NB-BB","77"
"kauw-tauw_step5.wav","touw","kauw","pop-top_step5.wav","pop","top","pop-top_step1.wav","pop","top","kauw-tauw_step4.wav","kauw","touw","987","congruent","0","1","undefined","j","3","52","3","83","0","3","52","3","83","79","Wed May 15 09:26:02 2024","300","left","3","E","j","A","E","A","E","764","44","706","845","491","9","odd","J","-300","12466","701484","833015","42477","263705","43322","NB-BB","77"
"kauw-tauw_step5.wav","touw","kauw","tap-kap_Step1.wav","tap","kap","pop-top_step1.wav","pop","top","kauw-tauw_step4.wav","kauw","touw","987","congruent","0","1","undefined","j","3","53","3","83","0","3","53","3","83","79","Wed May 15 09:26:02 2024","300","left","3","A","j","A","A","A","E","764","44","352","845","491","9","odd","J","-300","12466","701484","835525","42477","263705","43322","NB-BB","77"
"kauw-tauw_step5.wav","touw","kauw","tap-kap_step2.wav","tap","kap","pop-top_step1.wav","pop","top","kauw-tauw_step4.wav","kauw","touw","987","congruent","0","1","undefined","j","3","54","3","83","0","3","54","3","83","79","Wed May 15 09:26:02 2024","300","left","3","A","j","A","A","A","E","764","44","350","845","491","9","odd","J","-300","12466","701484","837693","42477","263705","43322","NB-BB","77"
"kauw-tauw_step5.wav","touw","kauw","sik-sec1.wav","sik","sec","pop-top_step1.wav","pop","top","kauw-tauw_step4.wav","kauw","touw","987","congruent","0","1","undefined","j","3","55","3","83","0","3","55","3","83","79","Wed May 15 09:26:02 2024","300","left","3","E","j","A","E","A","E","764","44","120","845","491","9","odd","J","-300","12466","701484","839986","42477","263705","43322","NB-BB","77"
"kauw-tauw_step5.wav","touw","kauw","sik-sec7.wav","sik","sec","pop-top_step1.wav","pop","top","kauw-tauw_step4.wav","kauw","touw","987","congruent","0","1","undefined","j","3","56","3","83","0","3","56","3","83","79","Wed May 15 09:26:02 2024","300","left","3","E","j","A","E","A","E","764","44","188","845","491","9","odd","J","-300","12466","701484","842096","42477","263705","43322","NB-BB","77"
"kauw-tauw_step5.wav","touw","kauw","doos-toos_F0_4_VOT_4_stereo.wav","doos","toos","pop-top_step1.wav","pop","top","kauw-tauw_step4.wav","kauw","touw","987","congruent","0","1","undefined","j","3","57","3","83","0","3","57","3","83","79","Wed May 15 09:26:02 2024","300","left","3","E","j","A","E","A","E","764","44","425","845","491","9","odd","J","-300","12466","701484","844277","42477","263705","43322","NB-BB","77"
"kauw-tauw_step5.wav","touw","kauw","pier-puur4_stereo.wav","pier","puur","pop-top_step1.wav","pop","top","kauw-tauw_step4.wav","kauw","touw","987","congruent","0","1","undefined","j","3","58","3","83","0","3","58","3","83","79","Wed May 15 09:26:02 2024","300","left","3","A","j","A","A","A","E","764","44","384","845","491","9","odd","J","-300","12466","701484","846438","42477","263705","43322","NB-BB","77"
"kauw-tauw_step5.wav","touw","kauw","dier-duur_Step2stereo.wav","dier","duur","pop-top_step1.wav","pop","top","kauw-tauw_step4.wav","kauw","touw","987","congruent","0","1","undefined","j","3","59","3","83","0","3","59","3","83","79","Wed May 15 09:26:02 2024","300","left","3","A","j","A","A","A","E","764","44","586","845","491","9","odd","J","-300","12466","701484","848576","42477","263705","43322","NB-BB","77"
"kauw-tauw_step5.wav","touw","kauw","doos-toos_F0_7_VOT_7_stereo.wav","doos","toos","pop-top_step1.wav","pop","top","kauw-tauw_step4.wav","kauw","touw","987","congruent","0","1","undefined","j","3","60","3","83","0","3","60","3","83","79","Wed May 15 09:26:02 2024","300","left","3","E","j","A","E","A","E","764","44","625","845","491","9","odd","J","-300","12466","701484","851209","42477","263705","43322","NB-BB","77"
"kauw-tauw_step5.wav","touw","kauw","kik-kek_continuumStep_3_stereo.wav","kek","kik","pop-top_step1.wav","pop","top","kauw-tauw_step4.wav","kauw","touw","987","congruent","0","1","undefined","j","3","61","3","83","0","3","61","3","83","79","Wed May 15 09:26:02 2024","300","left","3","E","j","A","E","A","E","764","44","599","845","491","9","odd","J","-300","12466","701484","853594","42477","263705","43322","NB-BB","77"
"kauw-tauw_step5.wav","touw","kauw","dak-tak_F0_2_VOT_2_stereo.wav","dak","tak","pop-top_step1.wav","pop","top","kauw-tauw_step4.wav","kauw","touw","987","congruent","0","1","undefined","j","3","62","3","83","0","3","62","3","83","79","Wed May 15 09:26:02 2024","300","left","3","E","j","A","E","A","E","764","44","391","845","491","9","odd","J","-300","12466","701484","855998","42477","263705","43322","NB-BB","77"
"kauw-tauw_step5.wav","touw","kauw","pop-top_step6.wav","pop","top","pop-top_step1.wav","pop","top","kauw-tauw_step4.wav","kauw","touw","987","congruent","0","1","undefined","j","3","63","3","83","0","3","63","3","83","79","Wed May 15 09:26:02 2024","300","left","3","E","j","A","E","A","E","764","44","936","845","491","9","odd","J","-300","12466","701484","858243","42477","263705","43322","NB-BB","77"
"kauw-tauw_step5.wav","touw","kauw","pier-puur7_stereo.wav","pier","puur","pop-top_step1.wav","pop","top","kauw-tauw_step4.wav","kauw","touw","987","congruent","0","1","undefined","j","3","64","3","83","0","3","64","3","83","79","Wed May 15 09:26:02 2024","300","left","3","E","j","A","E","A","E","764","44","1259","845","491","9","odd","J","-300","12466","701484","860893","42477","263705","43322","NB-BB","77"
"kauw-tauw_step5.wav","touw","kauw","pier-puur2_stereo.wav","pier","puur","pop-top_step1.wav","pop","top","kauw-tauw_step4.wav","kauw","touw","987","congruent","0","1","undefined","j","3","65","3","83","0","3","65","3","83","79","Wed May 15 09:26:02 2024","300","left","3","A","j","A","A","A","E","764","44","219","845","491","9","odd","J","-300","12466","701484","863866","42477","263705","43322","NB-BB","77"
"kauw-tauw_step5.wav","touw","kauw","dier-duur_Step3stereo.wav","dier","duur","pop-top_step1.wav","pop","top","kauw-tauw_step4.wav","kauw","touw","987","congruent","0","1","undefined","j","3","66","3","83","0","3","66","3","83","79","Wed May 15 09:26:02 2024","300","left","3","A","j","A","A","A","E","764","44","685","845","491","9","odd","J","-300","12466","701484","865865","42477","263705","43322","NB-BB","77"
"kauw-tauw_step5.wav","touw","kauw","sik-sec3.wav","sik","sec","pop-top_step1.wav","pop","top","kauw-tauw_step4.wav","kauw","touw","987","congruent","0","1","undefined","j","3","67","3","83","0","3","67","3","83","79","Wed May 15 09:26:02 2024","300","left","3","E","j","A","E","A","E","764","44","314","845","491","9","odd","J","-300","12466","701484","868490","42477","263705","43322","NB-BB","77"
"kauw-tauw_step5.wav","touw","kauw","pip-pep_continuumStep_4_stereo.wav","pip","pep","pop-top_step1.wav","pop","top","kauw-tauw_step4.wav","kauw","touw","987","congruent","0","1","undefined","j","3","68","3","83","0","3","68","3","83","79","Wed May 15 09:26:02 2024","300","left","3","E","j","A","E","A","E","764","44","496","845","491","9","odd","J","-300","12466","701484","870687","42477","263705","43322","NB-BB","77"
"kauw-tauw_step5.wav","touw","kauw","pip-pep_continuumStep_7_stereo.wav","pip","pep","pop-top_step1.wav","pop","top","kauw-tauw_step4.wav","kauw","touw","987","congruent","0","1","undefined","j","3","69","3","83","0","3","69","3","83","79","Wed May 15 09:26:02 2024","300","left","3","E","j","A","E","A","E","764","44","339","845","491","9","odd","J","-300","12466","701484","873039","42477","263705","43322","NB-BB","77"
"kauw-tauw_step5.wav","touw","kauw","sik-sec5.wav","sik","sec","pop-top_step1.wav","pop","top","kauw-tauw_step4.wav","kauw","touw","987","congruent","0","1","undefined","j","3","70","3","83","0","3","70","3","83","79","Wed May 15 09:26:02 2024","300","left","3","E","j","A","E","A","E","764","44","279","845","491","9","odd","J","-300","12466","701484","875328","42477","263705","43322","NB-BB","77"
"kauw-tauw_step5.wav","touw","kauw","pip-pep_continuumStep_2_stereo.wav","pip","pep","pop-top_step1.wav","pop","top","kauw-tauw_step4.wav","kauw","touw","987","congruent","0","1","undefined","j","3","71","3","83","0","3","71","3","83","79","Wed May 15 09:26:02 2024","300","left","3","E","j","A","E","A","E","764","44","306","845","491","9","odd","J","-300","12466","701484","877475","42477","263705","43322","NB-BB","77"
"kauw-tauw_step5.wav","touw","kauw","kauw-tauw_step4.wav","kauw","touw","pop-top_step1.wav","pop","top","kauw-tauw_step4.wav","kauw","touw","987","congruent","0","1","undefined","j","3","72","3","83","0","3","72","3","83","79","Wed May 15 09:26:02 2024","300","left","3","E","j","A","E","A","E","764","44","643","845","491","9","odd","J","-300","12466","701484","879641","42477","263705","43322","NB-BB","77"
"kauw-tauw_step5.wav","touw","kauw","dak-tak_F0_1_VOT_1_stereo.wav","dak","tak","pop-top_step1.wav","pop","top","kauw-tauw_step4.wav","kauw","touw","987","congruent","0","1","undefined","j","3","73","3","83","0","3","73","3","83","79","Wed May 15 09:26:02 2024","300","left","3","A","j","A","A","A","E","764","44","263","845","491","9","odd","J","-300","12466","701484","882096","42477","263705","43322","NB-BB","77"
"kauw-tauw_step5.wav","touw","kauw","dier-duur_Step7stereo.wav","dier","duur","pop-top_step1.wav","pop","top","kauw-tauw_step4.wav","kauw","touw","987","congruent","0","1","undefined","j","3","74","3","83","0","3","74","3","83","79","Wed May 15 09:26:02 2024","300","left","3","E","j","A","E","A","E","764","44","237","845","491","9","odd","J","-300","12466","701484","884110","42477","263705","43322","NB-BB","77"
"kauw-tauw_step5.wav","touw","kauw","kauw-tauw_step7.wav","kauw","touw","pop-top_step1.wav","pop","top","kauw-tauw_step4.wav","kauw","touw","987","congruent","0","1","undefined","j","3","75","3","83","0","3","75","3","83","79","Wed May 15 09:26:02 2024","300","left","3","E","j","A","E","A","E","764","44","456","845","491","9","odd","J","-300","12466","701484","886241","42477","263705","43322","NB-BB","77"
"kauw-tauw_step5.wav","touw","kauw","dier-duur_Step5stereo.wav","dier","duur","pop-top_step1.wav","pop","top","kauw-tauw_step4.wav","kauw","touw","987","congruent","0","1","undefined","j","3","76","3","83","0","3","76","3","83","79","Wed May 15 09:26:02 2024","300","left","3","E","j","A","E","A","E","764","44","223","845","491","9","odd","J","-300","12466","701484","888447","42477","263705","43322","NB-BB","77"
"kauw-tauw_step5.wav","touw","kauw","pip-pep_continuumStep_6_stereo.wav","pip","pep","pop-top_step1.wav","pop","top","kauw-tauw_step4.wav","kauw","touw","987","congruent","0","1","undefined","j","3","77","3","83","0","3","77","3","83","79","Wed May 15 09:26:02 2024","300","left","3","E","j","A","E","A","E","764","44","112","845","491","9","odd","J","-300","12466","701484","890527","42477","263705","43322","NB-BB","77"
"kauw-tauw_step5.wav","touw","kauw","dak-tak_F0_7_VOT_7_stereo.wav","dak","tak","pop-top_step1.wav","pop","top","kauw-tauw_step4.wav","kauw","touw","987","congruent","0","1","undefined","j","3","78","3","83","0","3","78","3","83","79","Wed May 15 09:26:02 2024","300","left","3","E","j","A","E","A","E","764","44","96","845","491","9","odd","J","-300","12466","701484","892451","42477","263705","43322","NB-BB","77"
"kauw-tauw_step5.wav","touw","kauw","kik-kek_continuumStep_7_stereo.wav","kek","kik","pop-top_step1.wav","pop","top","kauw-tauw_step4.wav","kauw","touw","987","congruent","0","1","undefined","j","3","79","3","83","0","3","79","3","83","79","Wed May 15 09:26:02 2024","300","left","3","A","j","A","A","A","E","764","44","74","845","491","9","odd","J","-300","12466","701484","894292","42477","263705","43322","NB-BB","77"
"kauw-tauw_step5.wav","touw","kauw","pier-puur3_stereo.wav","pier","puur","pop-top_step1.wav","pop","top","kauw-tauw_step4.wav","kauw","touw","987","congruent","0","1","undefined","j","3","80","3","83","0","3","80","3","83","79","Wed May 15 09:26:02 2024","300","left","3","A","j","A","A","A","E","764","44","641","845","491","9","odd","J","-300","12466","701484","896088","42477","263705","43322","NB-BB","77"
"kauw-tauw_step5.wav","touw","kauw","kauw-tauw_step5.wav","kauw","touw","pop-top_step1.wav","pop","top","kauw-tauw_step4.wav","kauw","touw","987","congruent","0","1","undefined","j","3","81","3","83","0","3","81","3","83","79","Wed May 15 09:26:02 2024","300","left","3","E","j","A","E","A","E","764","44","226","845","491","9","odd","J","-300","12466","701484","898585","42477","263705","43322","NB-BB","77"
"kauw-tauw_step5.wav","touw","kauw","kauw-tauw_step6.wav","kauw","touw","pop-top_step1.wav","pop","top","kauw-tauw_step4.wav","kauw","touw","987","congruent","0","1","undefined","j","3","82","3","83","0","3","82","3","83","79","Wed May 15 09:26:02 2024","300","left","3","E","j","A","E","A","E","764","44","275","845","491","9","odd","J","-300","12466","701484","900671","42477","263705","43322","NB-BB","77"
"kauw-tauw_step5.wav","touw","kauw","kauw-tauw_step3.wav","kauw","touw","pop-top_step1.wav","pop","top","kauw-tauw_step4.wav","kauw","touw","987","congruent","0","1","undefined","j","3","83","3","83","0","3","83","3","83","79","Wed May 15 09:26:02 2024","300","left","3","A","j","A","A","A","E","764","44","125","845","491","9","odd","J","-300","12466","701484","902804","42477","263705","43322","NB-BB","77"
